,Date,Variable,Value,Gender,Val2
60,2004-12,Ages 25-34,0.168,All,16.8
64,2004-12,Ages 35-49,0.155,All,15.5
68,2004-12,Ages 50-64,0.342,All,34.2
72,2004-12,Ages 65+,0.938,All,93.8
76,2004-12,Ages 16-24,0.322,All,32.2
80,2004-12,Ages 25-34,0.08199999999999999,Male,8.2
84,2004-12,Ages 35-49,0.083,Male,8.3
88,2004-12,Ages 50-64,0.258,Male,25.8
92,2004-12,Ages 65+,0.91,Male,91.0
96,2004-12,Ages 16-24,0.285,Male,28.5
100,2004-12,Ages 25-34,0.253,Female,25.3
104,2004-12,Ages 35-49,0.225,Female,22.5
108,2004-12,Ages 50-64,0.424,Female,42.4
112,2004-12,Ages 65+,0.96,Female,96.0
116,2004-12,Ages 16-24,0.359,Female,35.9
240,2005-03,Ages 25-34,0.16699999999999998,All,16.7
244,2005-03,Ages 35-49,0.154,All,15.4
248,2005-03,Ages 50-64,0.341,All,34.1
252,2005-03,Ages 65+,0.937,All,93.7
256,2005-03,Ages 16-24,0.322,All,32.2
260,2005-03,Ages 25-34,0.081,Male,8.1
264,2005-03,Ages 35-49,0.083,Male,8.3
268,2005-03,Ages 50-64,0.257,Male,25.7
272,2005-03,Ages 65+,0.91,Male,91.0
276,2005-03,Ages 16-24,0.287,Male,28.7
280,2005-03,Ages 25-34,0.252,Female,25.2
284,2005-03,Ages 35-49,0.22399999999999998,Female,22.4
288,2005-03,Ages 50-64,0.423,Female,42.3
292,2005-03,Ages 65+,0.9590000000000001,Female,95.9
296,2005-03,Ages 16-24,0.35700000000000004,Female,35.7
420,2005-06,Ages 25-34,0.16699999999999998,All,16.7
424,2005-06,Ages 35-49,0.154,All,15.4
428,2005-06,Ages 50-64,0.34,All,34.0
432,2005-06,Ages 65+,0.938,All,93.8
436,2005-06,Ages 16-24,0.324,All,32.4
440,2005-06,Ages 25-34,0.081,Male,8.1
444,2005-06,Ages 35-49,0.083,Male,8.3
448,2005-06,Ages 50-64,0.257,Male,25.7
452,2005-06,Ages 65+,0.9109999999999999,Male,91.1
456,2005-06,Ages 16-24,0.29100000000000004,Male,29.1
460,2005-06,Ages 25-34,0.251,Female,25.1
464,2005-06,Ages 35-49,0.223,Female,22.3
468,2005-06,Ages 50-64,0.42,Female,42.0
472,2005-06,Ages 65+,0.9590000000000001,Female,95.9
476,2005-06,Ages 16-24,0.35700000000000004,Female,35.7
600,2005-09,Ages 25-34,0.166,All,16.6
604,2005-09,Ages 35-49,0.153,All,15.3
608,2005-09,Ages 50-64,0.33799999999999997,All,33.8
612,2005-09,Ages 65+,0.937,All,93.7
616,2005-09,Ages 16-24,0.324,All,32.4
620,2005-09,Ages 25-34,0.081,Male,8.1
624,2005-09,Ages 35-49,0.084,Male,8.4
628,2005-09,Ages 50-64,0.255,Male,25.5
632,2005-09,Ages 65+,0.9109999999999999,Male,91.1
636,2005-09,Ages 16-24,0.29100000000000004,Male,29.1
640,2005-09,Ages 25-34,0.25,Female,25.0
644,2005-09,Ages 35-49,0.221,Female,22.1
648,2005-09,Ages 50-64,0.418,Female,41.8
652,2005-09,Ages 65+,0.958,Female,95.8
656,2005-09,Ages 16-24,0.358,Female,35.8
780,2005-12,Ages 25-34,0.16699999999999998,All,16.7
784,2005-12,Ages 35-49,0.152,All,15.2
788,2005-12,Ages 50-64,0.337,All,33.7
792,2005-12,Ages 65+,0.937,All,93.7
796,2005-12,Ages 16-24,0.326,All,32.6
800,2005-12,Ages 25-34,0.08199999999999999,Male,8.2
804,2005-12,Ages 35-49,0.083,Male,8.3
808,2005-12,Ages 50-64,0.255,Male,25.5
812,2005-12,Ages 65+,0.9109999999999999,Male,91.1
816,2005-12,Ages 16-24,0.294,Male,29.4
820,2005-12,Ages 25-34,0.249,Female,24.9
824,2005-12,Ages 35-49,0.21899999999999997,Female,21.9
828,2005-12,Ages 50-64,0.41700000000000004,Female,41.7
832,2005-12,Ages 65+,0.958,Female,95.8
836,2005-12,Ages 16-24,0.359,Female,35.9
960,2006-03,Ages 25-34,0.16699999999999998,All,16.7
964,2006-03,Ages 35-49,0.152,All,15.2
968,2006-03,Ages 50-64,0.336,All,33.6
972,2006-03,Ages 65+,0.938,All,93.8
976,2006-03,Ages 16-24,0.32899999999999996,All,32.9
980,2006-03,Ages 25-34,0.083,Male,8.3
984,2006-03,Ages 35-49,0.085,Male,8.5
988,2006-03,Ages 50-64,0.255,Male,25.5
992,2006-03,Ages 65+,0.91,Male,91.0
996,2006-03,Ages 16-24,0.294,Male,29.4
1000,2006-03,Ages 25-34,0.249,Female,24.9
1004,2006-03,Ages 35-49,0.217,Female,21.7
1008,2006-03,Ages 50-64,0.414,Female,41.4
1012,2006-03,Ages 65+,0.9590000000000001,Female,95.9
1016,2006-03,Ages 16-24,0.365,Female,36.5
1140,2006-06,Ages 25-34,0.16399999999999998,All,16.4
1144,2006-06,Ages 35-49,0.15,All,15.0
1148,2006-06,Ages 50-64,0.332,All,33.2
1152,2006-06,Ages 65+,0.937,All,93.7
1156,2006-06,Ages 16-24,0.332,All,33.2
1160,2006-06,Ages 25-34,0.081,Male,8.1
1164,2006-06,Ages 35-49,0.083,Male,8.3
1168,2006-06,Ages 50-64,0.25,Male,25.0
1172,2006-06,Ages 65+,0.9079999999999999,Male,90.8
1176,2006-06,Ages 16-24,0.297,Male,29.7
1180,2006-06,Ages 25-34,0.24600000000000002,Female,24.6
1184,2006-06,Ages 35-49,0.21600000000000003,Female,21.6
1188,2006-06,Ages 50-64,0.41100000000000003,Female,41.1
1192,2006-06,Ages 65+,0.958,Female,95.8
1196,2006-06,Ages 16-24,0.366,Female,36.6
1320,2006-09,Ages 25-34,0.165,All,16.5
1324,2006-09,Ages 35-49,0.15,All,15.0
1328,2006-09,Ages 50-64,0.33299999999999996,All,33.3
1332,2006-09,Ages 65+,0.934,All,93.4
1336,2006-09,Ages 16-24,0.331,All,33.1
1340,2006-09,Ages 25-34,0.079,Male,7.9
1344,2006-09,Ages 35-49,0.083,Male,8.3
1348,2006-09,Ages 50-64,0.251,Male,25.1
1352,2006-09,Ages 65+,0.905,Male,90.5
1356,2006-09,Ages 16-24,0.295,Male,29.5
1360,2006-09,Ages 25-34,0.25,Female,25.0
1364,2006-09,Ages 35-49,0.21600000000000003,Female,21.6
1368,2006-09,Ages 50-64,0.41200000000000003,Female,41.2
1372,2006-09,Ages 65+,0.956,Female,95.6
1376,2006-09,Ages 16-24,0.366,Female,36.6
1500,2006-12,Ages 25-34,0.163,All,16.3
1504,2006-12,Ages 35-49,0.14800000000000002,All,14.8
1508,2006-12,Ages 50-64,0.331,All,33.1
1512,2006-12,Ages 65+,0.932,All,93.2
1516,2006-12,Ages 16-24,0.33,All,33.0
1520,2006-12,Ages 25-34,0.076,Male,7.6
1524,2006-12,Ages 35-49,0.081,Male,8.1
1528,2006-12,Ages 50-64,0.252,Male,25.2
1532,2006-12,Ages 65+,0.904,Male,90.4
1536,2006-12,Ages 16-24,0.298,Male,29.8
1540,2006-12,Ages 25-34,0.248,Female,24.8
1544,2006-12,Ages 35-49,0.215,Female,21.5
1548,2006-12,Ages 50-64,0.409,Female,40.9
1552,2006-12,Ages 65+,0.955,Female,95.5
1556,2006-12,Ages 16-24,0.36200000000000004,Female,36.2
1680,2007-03,Ages 25-34,0.161,All,16.1
1684,2007-03,Ages 35-49,0.149,All,14.9
1688,2007-03,Ages 50-64,0.332,All,33.2
1692,2007-03,Ages 65+,0.932,All,93.2
1696,2007-03,Ages 16-24,0.32899999999999996,All,32.9
1700,2007-03,Ages 25-34,0.07400000000000001,Male,7.4
1704,2007-03,Ages 35-49,0.08,Male,8.0
1708,2007-03,Ages 50-64,0.251,Male,25.1
1712,2007-03,Ages 65+,0.902,Male,90.2
1716,2007-03,Ages 16-24,0.299,Male,29.9
1720,2007-03,Ages 25-34,0.247,Female,24.7
1724,2007-03,Ages 35-49,0.21600000000000003,Female,21.6
1728,2007-03,Ages 50-64,0.41,Female,41.0
1732,2007-03,Ages 65+,0.955,Female,95.5
1736,2007-03,Ages 16-24,0.36,Female,36.0
1860,2007-06,Ages 25-34,0.162,All,16.2
1864,2007-06,Ages 35-49,0.149,All,14.9
1868,2007-06,Ages 50-64,0.332,All,33.2
1872,2007-06,Ages 65+,0.9309999999999999,All,93.1
1876,2007-06,Ages 16-24,0.326,All,32.6
1880,2007-06,Ages 25-34,0.075,Male,7.5
1884,2007-06,Ages 35-49,0.08,Male,8.0
1888,2007-06,Ages 50-64,0.251,Male,25.1
1892,2007-06,Ages 65+,0.9009999999999999,Male,90.1
1896,2007-06,Ages 16-24,0.294,Male,29.4
1900,2007-06,Ages 25-34,0.247,Female,24.7
1904,2007-06,Ages 35-49,0.217,Female,21.7
1908,2007-06,Ages 50-64,0.41100000000000003,Female,41.1
1912,2007-06,Ages 65+,0.9540000000000001,Female,95.4
1916,2007-06,Ages 16-24,0.35700000000000004,Female,35.7
2040,2007-09,Ages 25-34,0.159,All,15.9
2044,2007-09,Ages 35-49,0.149,All,14.9
2048,2007-09,Ages 50-64,0.331,All,33.1
2052,2007-09,Ages 65+,0.932,All,93.2
2056,2007-09,Ages 16-24,0.336,All,33.6
2060,2007-09,Ages 25-34,0.07400000000000001,Male,7.4
2064,2007-09,Ages 35-49,0.081,Male,8.1
2068,2007-09,Ages 50-64,0.251,Male,25.1
2072,2007-09,Ages 65+,0.902,Male,90.2
2076,2007-09,Ages 16-24,0.309,Male,30.9
2080,2007-09,Ages 25-34,0.243,Female,24.3
2084,2007-09,Ages 35-49,0.215,Female,21.5
2088,2007-09,Ages 50-64,0.409,Female,40.9
2092,2007-09,Ages 65+,0.955,Female,95.5
2096,2007-09,Ages 16-24,0.363,Female,36.3
2220,2007-12,Ages 25-34,0.16,All,16.0
2224,2007-12,Ages 35-49,0.15,All,15.0
2228,2007-12,Ages 50-64,0.331,All,33.1
2232,2007-12,Ages 65+,0.93,All,93.0
2236,2007-12,Ages 16-24,0.336,All,33.6
2240,2007-12,Ages 25-34,0.075,Male,7.5
2244,2007-12,Ages 35-49,0.083,Male,8.3
2248,2007-12,Ages 50-64,0.25,Male,25.0
2252,2007-12,Ages 65+,0.9,Male,90.0
2256,2007-12,Ages 16-24,0.306,Male,30.6
2260,2007-12,Ages 25-34,0.244,Female,24.4
2264,2007-12,Ages 35-49,0.21600000000000003,Female,21.6
2268,2007-12,Ages 50-64,0.409,Female,40.9
2272,2007-12,Ages 65+,0.953,Female,95.3
2276,2007-12,Ages 16-24,0.365,Female,36.5
2400,2008-03,Ages 25-34,0.159,All,15.9
2404,2008-03,Ages 35-49,0.14800000000000002,All,14.8
2408,2008-03,Ages 50-64,0.32899999999999996,All,32.9
2412,2008-03,Ages 65+,0.929,All,92.9
2416,2008-03,Ages 16-24,0.337,All,33.7
2420,2008-03,Ages 25-34,0.07400000000000001,Male,7.4
2424,2008-03,Ages 35-49,0.08199999999999999,Male,8.2
2428,2008-03,Ages 50-64,0.247,Male,24.7
2432,2008-03,Ages 65+,0.899,Male,89.9
2436,2008-03,Ages 16-24,0.308,Male,30.8
2440,2008-03,Ages 25-34,0.242,Female,24.2
2444,2008-03,Ages 35-49,0.213,Female,21.3
2448,2008-03,Ages 50-64,0.408,Female,40.8
2452,2008-03,Ages 65+,0.953,Female,95.3
2456,2008-03,Ages 16-24,0.366,Female,36.6
2580,2008-06,Ages 25-34,0.158,All,15.8
2584,2008-06,Ages 35-49,0.14800000000000002,All,14.8
2588,2008-06,Ages 50-64,0.32899999999999996,All,32.9
2592,2008-06,Ages 65+,0.9279999999999999,All,92.8
2596,2008-06,Ages 16-24,0.33799999999999997,All,33.8
2600,2008-06,Ages 25-34,0.073,Male,7.3
2604,2008-06,Ages 35-49,0.08199999999999999,Male,8.2
2608,2008-06,Ages 50-64,0.248,Male,24.8
2612,2008-06,Ages 65+,0.897,Male,89.7
2616,2008-06,Ages 16-24,0.313,Male,31.3
2620,2008-06,Ages 25-34,0.24100000000000002,Female,24.1
2624,2008-06,Ages 35-49,0.212,Female,21.2
2628,2008-06,Ages 50-64,0.408,Female,40.8
2632,2008-06,Ages 65+,0.9520000000000001,Female,95.2
2636,2008-06,Ages 16-24,0.364,Female,36.4
2760,2008-09,Ages 25-34,0.157,All,15.7
2764,2008-09,Ages 35-49,0.14800000000000002,All,14.8
2768,2008-09,Ages 50-64,0.32799999999999996,All,32.8
2772,2008-09,Ages 65+,0.927,All,92.7
2776,2008-09,Ages 16-24,0.33899999999999997,All,33.9
2780,2008-09,Ages 25-34,0.075,Male,7.5
2784,2008-09,Ages 35-49,0.08199999999999999,Male,8.2
2788,2008-09,Ages 50-64,0.24600000000000002,Male,24.6
2792,2008-09,Ages 65+,0.8959999999999999,Male,89.6
2796,2008-09,Ages 16-24,0.309,Male,30.9
2800,2008-09,Ages 25-34,0.239,Female,23.9
2804,2008-09,Ages 35-49,0.212,Female,21.2
2808,2008-09,Ages 50-64,0.40700000000000003,Female,40.7
2812,2008-09,Ages 65+,0.951,Female,95.1
2816,2008-09,Ages 16-24,0.368,Female,36.8
2940,2008-12,Ages 25-34,0.157,All,15.7
2944,2008-12,Ages 35-49,0.147,All,14.7
2948,2008-12,Ages 50-64,0.32799999999999996,All,32.8
2952,2008-12,Ages 65+,0.9259999999999999,All,92.6
2956,2008-12,Ages 16-24,0.342,All,34.2
2960,2008-12,Ages 25-34,0.076,Male,7.6
2964,2008-12,Ages 35-49,0.081,Male,8.1
2968,2008-12,Ages 50-64,0.247,Male,24.7
2972,2008-12,Ages 65+,0.8959999999999999,Male,89.6
2976,2008-12,Ages 16-24,0.313,Male,31.3
2980,2008-12,Ages 25-34,0.23600000000000002,Female,23.6
2984,2008-12,Ages 35-49,0.212,Female,21.2
2988,2008-12,Ages 50-64,0.406,Female,40.6
2992,2008-12,Ages 65+,0.95,Female,95.0
2996,2008-12,Ages 16-24,0.371,Female,37.1
3120,2009-03,Ages 25-34,0.157,All,15.7
3124,2009-03,Ages 35-49,0.146,All,14.6
3128,2009-03,Ages 50-64,0.327,All,32.7
3132,2009-03,Ages 65+,0.9259999999999999,All,92.6
3136,2009-03,Ages 16-24,0.342,All,34.2
3140,2009-03,Ages 25-34,0.07400000000000001,Male,7.4
3144,2009-03,Ages 35-49,0.08,Male,8.0
3148,2009-03,Ages 50-64,0.245,Male,24.5
3152,2009-03,Ages 65+,0.8959999999999999,Male,89.6
3156,2009-03,Ages 16-24,0.314,Male,31.4
3160,2009-03,Ages 25-34,0.23800000000000002,Female,23.8
3164,2009-03,Ages 35-49,0.21,Female,21.0
3168,2009-03,Ages 50-64,0.406,Female,40.6
3172,2009-03,Ages 65+,0.95,Female,95.0
3176,2009-03,Ages 16-24,0.37,Female,37.0
3300,2009-06,Ages 25-34,0.157,All,15.7
3304,2009-06,Ages 35-49,0.145,All,14.5
3308,2009-06,Ages 50-64,0.325,All,32.5
3312,2009-06,Ages 65+,0.925,All,92.5
3316,2009-06,Ages 16-24,0.34700000000000003,All,34.7
3320,2009-06,Ages 25-34,0.076,Male,7.6
3324,2009-06,Ages 35-49,0.079,Male,7.9
3328,2009-06,Ages 50-64,0.24600000000000002,Male,24.6
3332,2009-06,Ages 65+,0.895,Male,89.5
3336,2009-06,Ages 16-24,0.317,Male,31.7
3340,2009-06,Ages 25-34,0.23800000000000002,Female,23.8
3344,2009-06,Ages 35-49,0.209,Female,20.9
3348,2009-06,Ages 50-64,0.40299999999999997,Female,40.3
3352,2009-06,Ages 65+,0.948,Female,94.8
3356,2009-06,Ages 16-24,0.377,Female,37.7
3480,2009-09,Ages 25-34,0.158,All,15.8
3484,2009-09,Ages 35-49,0.14400000000000002,All,14.4
3488,2009-09,Ages 50-64,0.324,All,32.4
3492,2009-09,Ages 65+,0.924,All,92.4
3496,2009-09,Ages 16-24,0.35,All,35.0
3500,2009-09,Ages 25-34,0.075,Male,7.5
3504,2009-09,Ages 35-49,0.08,Male,8.0
3508,2009-09,Ages 50-64,0.24600000000000002,Male,24.6
3512,2009-09,Ages 65+,0.893,Male,89.3
3516,2009-09,Ages 16-24,0.324,Male,32.4
3520,2009-09,Ages 25-34,0.239,Female,23.9
3524,2009-09,Ages 35-49,0.207,Female,20.7
3528,2009-09,Ages 50-64,0.4,Female,40.0
3532,2009-09,Ages 65+,0.948,Female,94.8
3536,2009-09,Ages 16-24,0.375,Female,37.5
3660,2009-12,Ages 25-34,0.158,All,15.8
3664,2009-12,Ages 35-49,0.14300000000000002,All,14.3
3668,2009-12,Ages 50-64,0.324,All,32.4
3672,2009-12,Ages 65+,0.922,All,92.2
3676,2009-12,Ages 16-24,0.355,All,35.5
3680,2009-12,Ages 25-34,0.07400000000000001,Male,7.4
3684,2009-12,Ages 35-49,0.08,Male,8.0
3688,2009-12,Ages 50-64,0.24600000000000002,Male,24.6
3692,2009-12,Ages 65+,0.892,Male,89.2
3696,2009-12,Ages 16-24,0.331,Male,33.1
3700,2009-12,Ages 25-34,0.24100000000000002,Female,24.1
3704,2009-12,Ages 35-49,0.205,Female,20.5
3708,2009-12,Ages 50-64,0.4,Female,40.0
3712,2009-12,Ages 65+,0.946,Female,94.6
3716,2009-12,Ages 16-24,0.38,Female,38.0
3840,2010-03,Ages 25-34,0.159,All,15.9
3844,2010-03,Ages 35-49,0.14400000000000002,All,14.4
3848,2010-03,Ages 50-64,0.324,All,32.4
3852,2010-03,Ages 65+,0.9209999999999999,All,92.1
3856,2010-03,Ages 16-24,0.36700000000000005,All,36.7
3860,2010-03,Ages 25-34,0.076,Male,7.6
3864,2010-03,Ages 35-49,0.081,Male,8.1
3868,2010-03,Ages 50-64,0.248,Male,24.8
3872,2010-03,Ages 65+,0.892,Male,89.2
3876,2010-03,Ages 16-24,0.342,Male,34.2
3880,2010-03,Ages 25-34,0.24,Female,24.0
3884,2010-03,Ages 35-49,0.205,Female,20.5
3888,2010-03,Ages 50-64,0.397,Female,39.7
3892,2010-03,Ages 65+,0.945,Female,94.5
3896,2010-03,Ages 16-24,0.391,Female,39.1
4020,2010-06,Ages 25-34,0.159,All,15.9
4024,2010-06,Ages 35-49,0.145,All,14.5
4028,2010-06,Ages 50-64,0.32299999999999995,All,32.3
4032,2010-06,Ages 65+,0.92,All,92.0
4036,2010-06,Ages 16-24,0.369,All,36.9
4040,2010-06,Ages 25-34,0.076,Male,7.6
4044,2010-06,Ages 35-49,0.083,Male,8.3
4048,2010-06,Ages 50-64,0.247,Male,24.7
4052,2010-06,Ages 65+,0.8909999999999999,Male,89.1
4056,2010-06,Ages 16-24,0.34700000000000003,Male,34.7
4060,2010-06,Ages 25-34,0.24100000000000002,Female,24.1
4064,2010-06,Ages 35-49,0.20600000000000002,Female,20.6
4068,2010-06,Ages 50-64,0.39799999999999996,Female,39.8
4072,2010-06,Ages 65+,0.9420000000000001,Female,94.2
4076,2010-06,Ages 16-24,0.392,Female,39.2
4200,2010-09,Ages 25-34,0.158,All,15.8
4204,2010-09,Ages 35-49,0.146,All,14.6
4208,2010-09,Ages 50-64,0.321,All,32.1
4212,2010-09,Ages 65+,0.9179999999999999,All,91.8
4216,2010-09,Ages 16-24,0.376,All,37.6
4220,2010-09,Ages 25-34,0.073,Male,7.3
4224,2010-09,Ages 35-49,0.084,Male,8.4
4228,2010-09,Ages 50-64,0.24600000000000002,Male,24.6
4232,2010-09,Ages 65+,0.889,Male,88.9
4236,2010-09,Ages 16-24,0.349,Male,34.9
4240,2010-09,Ages 25-34,0.24100000000000002,Female,24.1
4244,2010-09,Ages 35-49,0.20600000000000002,Female,20.6
4248,2010-09,Ages 50-64,0.39399999999999996,Female,39.4
4252,2010-09,Ages 65+,0.941,Female,94.1
4256,2010-09,Ages 16-24,0.40299999999999997,Female,40.3
4380,2010-12,Ages 25-34,0.159,All,15.9
4384,2010-12,Ages 35-49,0.146,All,14.6
4388,2010-12,Ages 50-64,0.322,All,32.2
4392,2010-12,Ages 65+,0.917,All,91.7
4396,2010-12,Ages 16-24,0.379,All,37.9
4400,2010-12,Ages 25-34,0.075,Male,7.5
4404,2010-12,Ages 35-49,0.084,Male,8.4
4408,2010-12,Ages 50-64,0.24600000000000002,Male,24.6
4412,2010-12,Ages 65+,0.887,Male,88.7
4416,2010-12,Ages 16-24,0.349,Male,34.9
4420,2010-12,Ages 25-34,0.24100000000000002,Female,24.1
4424,2010-12,Ages 35-49,0.20600000000000002,Female,20.6
4428,2010-12,Ages 50-64,0.396,Female,39.6
4432,2010-12,Ages 65+,0.941,Female,94.1
4436,2010-12,Ages 16-24,0.409,Female,40.9
4560,2011-03,Ages 25-34,0.159,All,15.9
4564,2011-03,Ages 35-49,0.146,All,14.6
4568,2011-03,Ages 50-64,0.32299999999999995,All,32.3
4572,2011-03,Ages 65+,0.915,All,91.5
4576,2011-03,Ages 16-24,0.377,All,37.7
4580,2011-03,Ages 25-34,0.075,Male,7.5
4584,2011-03,Ages 35-49,0.084,Male,8.4
4588,2011-03,Ages 50-64,0.248,Male,24.8
4592,2011-03,Ages 65+,0.8859999999999999,Male,88.6
4596,2011-03,Ages 16-24,0.349,Male,34.9
4600,2011-03,Ages 25-34,0.242,Female,24.2
4604,2011-03,Ages 35-49,0.20600000000000002,Female,20.6
4608,2011-03,Ages 50-64,0.396,Female,39.6
4612,2011-03,Ages 65+,0.9390000000000001,Female,93.9
4616,2011-03,Ages 16-24,0.406,Female,40.6
4740,2011-06,Ages 25-34,0.157,All,15.7
4744,2011-06,Ages 35-49,0.146,All,14.6
4748,2011-06,Ages 50-64,0.324,All,32.4
4752,2011-06,Ages 65+,0.915,All,91.5
4756,2011-06,Ages 16-24,0.377,All,37.7
4760,2011-06,Ages 25-34,0.073,Male,7.3
4764,2011-06,Ages 35-49,0.084,Male,8.4
4768,2011-06,Ages 50-64,0.25,Male,25.0
4772,2011-06,Ages 65+,0.884,Male,88.4
4776,2011-06,Ages 16-24,0.348,Male,34.8
4780,2011-06,Ages 25-34,0.24,Female,24.0
4784,2011-06,Ages 35-49,0.207,Female,20.7
4788,2011-06,Ages 50-64,0.396,Female,39.6
4792,2011-06,Ages 65+,0.9390000000000001,Female,93.9
4796,2011-06,Ages 16-24,0.406,Female,40.6
4920,2011-09,Ages 25-34,0.156,All,15.6
4924,2011-09,Ages 35-49,0.14800000000000002,All,14.8
4928,2011-09,Ages 50-64,0.326,All,32.6
4932,2011-09,Ages 65+,0.914,All,91.4
4936,2011-09,Ages 16-24,0.376,All,37.6
4940,2011-09,Ages 25-34,0.07400000000000001,Male,7.4
4944,2011-09,Ages 35-49,0.084,Male,8.4
4948,2011-09,Ages 50-64,0.253,Male,25.3
4952,2011-09,Ages 65+,0.882,Male,88.2
4956,2011-09,Ages 16-24,0.35100000000000003,Male,35.1
4960,2011-09,Ages 25-34,0.237,Female,23.7
4964,2011-09,Ages 35-49,0.209,Female,20.9
4968,2011-09,Ages 50-64,0.397,Female,39.7
4972,2011-09,Ages 65+,0.9390000000000001,Female,93.9
4976,2011-09,Ages 16-24,0.401,Female,40.1
5100,2011-12,Ages 25-34,0.155,All,15.5
5104,2011-12,Ages 35-49,0.147,All,14.7
5108,2011-12,Ages 50-64,0.32299999999999995,All,32.3
5112,2011-12,Ages 65+,0.914,All,91.4
5116,2011-12,Ages 16-24,0.374,All,37.4
5120,2011-12,Ages 25-34,0.073,Male,7.3
5124,2011-12,Ages 35-49,0.08199999999999999,Male,8.2
5128,2011-12,Ages 50-64,0.253,Male,25.3
5132,2011-12,Ages 65+,0.883,Male,88.3
5136,2011-12,Ages 16-24,0.349,Male,34.9
5140,2011-12,Ages 25-34,0.23600000000000002,Female,23.6
5144,2011-12,Ages 35-49,0.21,Female,21.0
5148,2011-12,Ages 50-64,0.392,Female,39.2
5152,2011-12,Ages 65+,0.9390000000000001,Female,93.9
5156,2011-12,Ages 16-24,0.39899999999999997,Female,39.9
5280,2012-03,Ages 25-34,0.153,All,15.3
5284,2012-03,Ages 35-49,0.14400000000000002,All,14.4
5288,2012-03,Ages 50-64,0.32,All,32.0
5292,2012-03,Ages 65+,0.9129999999999999,All,91.3
5296,2012-03,Ages 16-24,0.376,All,37.6
5300,2012-03,Ages 25-34,0.073,Male,7.3
5304,2012-03,Ages 35-49,0.081,Male,8.1
5308,2012-03,Ages 50-64,0.25,Male,25.0
5312,2012-03,Ages 65+,0.8809999999999999,Male,88.1
5316,2012-03,Ages 16-24,0.35,Male,35.0
5320,2012-03,Ages 25-34,0.233,Female,23.3
5324,2012-03,Ages 35-49,0.205,Female,20.5
5328,2012-03,Ages 50-64,0.38799999999999996,Female,38.8
5332,2012-03,Ages 65+,0.9390000000000001,Female,93.9
5336,2012-03,Ages 16-24,0.40299999999999997,Female,40.3
5460,2012-06,Ages 25-34,0.155,All,15.5
5464,2012-06,Ages 35-49,0.142,All,14.2
5468,2012-06,Ages 50-64,0.317,All,31.7
5472,2012-06,Ages 65+,0.912,All,91.2
5476,2012-06,Ages 16-24,0.376,All,37.6
5480,2012-06,Ages 25-34,0.07200000000000001,Male,7.2
5484,2012-06,Ages 35-49,0.079,Male,7.9
5488,2012-06,Ages 50-64,0.248,Male,24.8
5492,2012-06,Ages 65+,0.88,Male,88.0
5496,2012-06,Ages 16-24,0.348,Male,34.8
5500,2012-06,Ages 25-34,0.23600000000000002,Female,23.6
5504,2012-06,Ages 35-49,0.203,Female,20.3
5508,2012-06,Ages 50-64,0.384,Female,38.4
5512,2012-06,Ages 65+,0.938,Female,93.8
5516,2012-06,Ages 16-24,0.405,Female,40.5
5640,2012-09,Ages 25-34,0.154,All,15.4
5644,2012-09,Ages 35-49,0.139,All,13.9
5648,2012-09,Ages 50-64,0.314,All,31.4
5652,2012-09,Ages 65+,0.912,All,91.2
5656,2012-09,Ages 16-24,0.37799999999999995,All,37.8
5660,2012-09,Ages 25-34,0.071,Male,7.1
5664,2012-09,Ages 35-49,0.075,Male,7.5
5668,2012-09,Ages 50-64,0.244,Male,24.4
5672,2012-09,Ages 65+,0.8809999999999999,Male,88.1
5676,2012-09,Ages 16-24,0.35,Male,35.0
5680,2012-09,Ages 25-34,0.235,Female,23.5
5684,2012-09,Ages 35-49,0.201,Female,20.1
5688,2012-09,Ages 50-64,0.382,Female,38.2
5692,2012-09,Ages 65+,0.937,Female,93.7
5696,2012-09,Ages 16-24,0.406,Female,40.6
5820,2012-12,Ages 25-34,0.153,All,15.3
5824,2012-12,Ages 35-49,0.139,All,13.9
5828,2012-12,Ages 50-64,0.311,All,31.1
5832,2012-12,Ages 65+,0.909,All,90.9
5836,2012-12,Ages 16-24,0.376,All,37.6
5840,2012-12,Ages 25-34,0.071,Male,7.1
5844,2012-12,Ages 35-49,0.077,Male,7.7
5848,2012-12,Ages 50-64,0.243,Male,24.3
5852,2012-12,Ages 65+,0.878,Male,87.8
5856,2012-12,Ages 16-24,0.35100000000000003,Male,35.1
5860,2012-12,Ages 25-34,0.235,Female,23.5
5864,2012-12,Ages 35-49,0.198,Female,19.8
5868,2012-12,Ages 50-64,0.37799999999999995,Female,37.8
5872,2012-12,Ages 65+,0.935,Female,93.5
5876,2012-12,Ages 16-24,0.402,Female,40.2
6000,2013-03,Ages 25-34,0.152,All,15.2
6004,2013-03,Ages 35-49,0.139,All,13.9
6008,2013-03,Ages 50-64,0.307,All,30.7
6012,2013-03,Ages 65+,0.907,All,90.7
6016,2013-03,Ages 16-24,0.37200000000000005,All,37.2
6020,2013-03,Ages 25-34,0.07,Male,7.0
6024,2013-03,Ages 35-49,0.078,Male,7.8
6028,2013-03,Ages 50-64,0.24,Male,24.0
6032,2013-03,Ages 65+,0.8740000000000001,Male,87.4
6036,2013-03,Ages 16-24,0.35100000000000003,Male,35.1
6040,2013-03,Ages 25-34,0.233,Female,23.3
6044,2013-03,Ages 35-49,0.198,Female,19.8
6048,2013-03,Ages 50-64,0.373,Female,37.3
6052,2013-03,Ages 65+,0.934,Female,93.4
6056,2013-03,Ages 16-24,0.39399999999999996,Female,39.4
6180,2013-06,Ages 25-34,0.15,All,15.0
6184,2013-06,Ages 35-49,0.138,All,13.8
6188,2013-06,Ages 50-64,0.303,All,30.3
6192,2013-06,Ages 65+,0.905,All,90.5
6196,2013-06,Ages 16-24,0.376,All,37.6
6200,2013-06,Ages 25-34,0.071,Male,7.1
6204,2013-06,Ages 35-49,0.077,Male,7.7
6208,2013-06,Ages 50-64,0.23800000000000002,Male,23.8
6212,2013-06,Ages 65+,0.872,Male,87.2
6216,2013-06,Ages 16-24,0.353,Male,35.3
6220,2013-06,Ages 25-34,0.228,Female,22.8
6224,2013-06,Ages 35-49,0.196,Female,19.6
6228,2013-06,Ages 50-64,0.36700000000000005,Female,36.7
6232,2013-06,Ages 65+,0.932,Female,93.2
6236,2013-06,Ages 16-24,0.4,Female,40.0
6360,2013-09,Ages 25-34,0.15,All,15.0
6364,2013-09,Ages 35-49,0.138,All,13.8
6368,2013-09,Ages 50-64,0.299,All,29.9
6372,2013-09,Ages 65+,0.902,All,90.2
6376,2013-09,Ages 16-24,0.37799999999999995,All,37.8
6380,2013-09,Ages 25-34,0.07,Male,7.0
6384,2013-09,Ages 35-49,0.078,Male,7.8
6388,2013-09,Ages 50-64,0.233,Male,23.3
6392,2013-09,Ages 65+,0.8690000000000001,Male,86.9
6396,2013-09,Ages 16-24,0.355,Male,35.5
6400,2013-09,Ages 25-34,0.22899999999999998,Female,22.9
6404,2013-09,Ages 35-49,0.196,Female,19.6
6408,2013-09,Ages 50-64,0.363,Female,36.3
6412,2013-09,Ages 65+,0.93,Female,93.0
6416,2013-09,Ages 16-24,0.401,Female,40.1
6540,2013-12,Ages 25-34,0.15,All,15.0
6544,2013-12,Ages 35-49,0.13699999999999998,All,13.7
6548,2013-12,Ages 50-64,0.29600000000000004,All,29.6
6552,2013-12,Ages 65+,0.902,All,90.2
6556,2013-12,Ages 16-24,0.379,All,37.9
6560,2013-12,Ages 25-34,0.069,Male,6.9
6564,2013-12,Ages 35-49,0.076,Male,7.6
6568,2013-12,Ages 50-64,0.23,Male,23.0
6572,2013-12,Ages 65+,0.8690000000000001,Male,86.9
6576,2013-12,Ages 16-24,0.35700000000000004,Male,35.7
6580,2013-12,Ages 25-34,0.23,Female,23.0
6584,2013-12,Ages 35-49,0.19699999999999998,Female,19.7
6588,2013-12,Ages 50-64,0.36,Female,36.0
6592,2013-12,Ages 65+,0.9279999999999999,Female,92.8
6596,2013-12,Ages 16-24,0.402,Female,40.2
6720,2014-03,Ages 25-34,0.149,All,14.9
6724,2014-03,Ages 35-49,0.138,All,13.8
6728,2014-03,Ages 50-64,0.293,All,29.3
6732,2014-03,Ages 65+,0.9,All,90.0
6736,2014-03,Ages 16-24,0.384,All,38.4
6740,2014-03,Ages 25-34,0.068,Male,6.8
6744,2014-03,Ages 35-49,0.076,Male,7.6
6748,2014-03,Ages 50-64,0.23,Male,23.0
6752,2014-03,Ages 65+,0.8690000000000001,Male,86.9
6756,2014-03,Ages 16-24,0.36200000000000004,Male,36.2
6760,2014-03,Ages 25-34,0.22899999999999998,Female,22.9
6764,2014-03,Ages 35-49,0.198,Female,19.8
6768,2014-03,Ages 50-64,0.355,Female,35.5
6772,2014-03,Ages 65+,0.927,Female,92.7
6776,2014-03,Ages 16-24,0.40700000000000003,Female,40.7
6900,2014-06,Ages 25-34,0.149,All,14.9
6904,2014-06,Ages 35-49,0.136,All,13.6
6908,2014-06,Ages 50-64,0.292,All,29.2
6912,2014-06,Ages 65+,0.899,All,89.9
6916,2014-06,Ages 16-24,0.387,All,38.7
6920,2014-06,Ages 25-34,0.068,Male,6.8
6924,2014-06,Ages 35-49,0.076,Male,7.6
6928,2014-06,Ages 50-64,0.228,Male,22.8
6932,2014-06,Ages 65+,0.867,Male,86.7
6936,2014-06,Ages 16-24,0.371,Male,37.1
6940,2014-06,Ages 25-34,0.228,Female,22.8
6944,2014-06,Ages 35-49,0.195,Female,19.5
6948,2014-06,Ages 50-64,0.354,Female,35.4
6952,2014-06,Ages 65+,0.925,Female,92.5
6956,2014-06,Ages 16-24,0.40399999999999997,Female,40.4
7080,2014-09,Ages 25-34,0.149,All,14.9
7084,2014-09,Ages 35-49,0.134,All,13.4
7088,2014-09,Ages 50-64,0.29100000000000004,All,29.1
7092,2014-09,Ages 65+,0.898,All,89.8
7096,2014-09,Ages 16-24,0.38799999999999996,All,38.8
7100,2014-09,Ages 25-34,0.069,Male,6.9
7104,2014-09,Ages 35-49,0.076,Male,7.6
7108,2014-09,Ages 50-64,0.22899999999999998,Male,22.9
7112,2014-09,Ages 65+,0.867,Male,86.7
7116,2014-09,Ages 16-24,0.37200000000000005,Male,37.2
7120,2014-09,Ages 25-34,0.22699999999999998,Female,22.7
7124,2014-09,Ages 35-49,0.191,Female,19.1
7128,2014-09,Ages 50-64,0.35100000000000003,Female,35.1
7132,2014-09,Ages 65+,0.924,Female,92.4
7136,2014-09,Ages 16-24,0.40399999999999997,Female,40.4
7260,2014-12,Ages 25-34,0.149,All,14.9
7264,2014-12,Ages 35-49,0.134,All,13.4
7268,2014-12,Ages 50-64,0.29,All,29.0
7272,2014-12,Ages 65+,0.898,All,89.8
7276,2014-12,Ages 16-24,0.39,All,39.0
7280,2014-12,Ages 25-34,0.071,Male,7.1
7284,2014-12,Ages 35-49,0.076,Male,7.6
7288,2014-12,Ages 50-64,0.228,Male,22.8
7292,2014-12,Ages 65+,0.866,Male,86.6
7296,2014-12,Ages 16-24,0.37200000000000005,Male,37.2
7300,2014-12,Ages 25-34,0.22699999999999998,Female,22.7
7304,2014-12,Ages 35-49,0.191,Female,19.1
7308,2014-12,Ages 50-64,0.349,Female,34.9
7312,2014-12,Ages 65+,0.924,Female,92.4
7316,2014-12,Ages 16-24,0.409,Female,40.9
7440,2015-03,Ages 25-34,0.15,All,15.0
7444,2015-03,Ages 35-49,0.134,All,13.4
7448,2015-03,Ages 50-64,0.28800000000000003,All,28.8
7452,2015-03,Ages 65+,0.8959999999999999,All,89.6
7456,2015-03,Ages 16-24,0.386,All,38.6
7460,2015-03,Ages 25-34,0.071,Male,7.1
7464,2015-03,Ages 35-49,0.076,Male,7.6
7468,2015-03,Ages 50-64,0.226,Male,22.6
7472,2015-03,Ages 65+,0.8640000000000001,Male,86.4
7476,2015-03,Ages 16-24,0.365,Male,36.5
7480,2015-03,Ages 25-34,0.22699999999999998,Female,22.7
7484,2015-03,Ages 35-49,0.19,Female,19.0
7488,2015-03,Ages 50-64,0.348,Female,34.8
7492,2015-03,Ages 65+,0.9229999999999999,Female,92.3
7496,2015-03,Ages 16-24,0.40700000000000003,Female,40.7
7620,2015-06,Ages 25-34,0.152,All,15.2
7624,2015-06,Ages 35-49,0.135,All,13.5
7628,2015-06,Ages 50-64,0.285,All,28.5
7632,2015-06,Ages 65+,0.8959999999999999,All,89.6
7636,2015-06,Ages 16-24,0.381,All,38.1
7640,2015-06,Ages 25-34,0.073,Male,7.3
7644,2015-06,Ages 35-49,0.077,Male,7.7
7648,2015-06,Ages 50-64,0.223,Male,22.3
7652,2015-06,Ages 65+,0.8640000000000001,Male,86.4
7656,2015-06,Ages 16-24,0.36,Male,36.0
7660,2015-06,Ages 25-34,0.23,Female,23.0
7664,2015-06,Ages 35-49,0.191,Female,19.1
7668,2015-06,Ages 50-64,0.345,Female,34.5
7672,2015-06,Ages 65+,0.9229999999999999,Female,92.3
7676,2015-06,Ages 16-24,0.40299999999999997,Female,40.3
7800,2015-09,Ages 25-34,0.151,All,15.1
7804,2015-09,Ages 35-49,0.135,All,13.5
7808,2015-09,Ages 50-64,0.28300000000000003,All,28.3
7812,2015-09,Ages 65+,0.8959999999999999,All,89.6
7816,2015-09,Ages 16-24,0.37799999999999995,All,37.8
7820,2015-09,Ages 25-34,0.075,Male,7.5
7824,2015-09,Ages 35-49,0.076,Male,7.6
7828,2015-09,Ages 50-64,0.222,Male,22.2
7832,2015-09,Ages 65+,0.862,Male,86.2
7836,2015-09,Ages 16-24,0.359,Male,35.9
7840,2015-09,Ages 25-34,0.225,Female,22.5
7844,2015-09,Ages 35-49,0.192,Female,19.2
7848,2015-09,Ages 50-64,0.34299999999999997,Female,34.3
7852,2015-09,Ages 65+,0.924,Female,92.4
7856,2015-09,Ages 16-24,0.397,Female,39.7
7980,2015-12,Ages 25-34,0.151,All,15.1
7984,2015-12,Ages 35-49,0.135,All,13.5
7988,2015-12,Ages 50-64,0.281,All,28.1
7992,2015-12,Ages 65+,0.895,All,89.5
7996,2015-12,Ages 16-24,0.376,All,37.6
8000,2015-12,Ages 25-34,0.075,Male,7.5
8004,2015-12,Ages 35-49,0.076,Male,7.6
8008,2015-12,Ages 50-64,0.221,Male,22.1
8012,2015-12,Ages 65+,0.86,Male,86.0
8016,2015-12,Ages 16-24,0.36,Male,36.0
8020,2015-12,Ages 25-34,0.225,Female,22.5
8024,2015-12,Ages 35-49,0.192,Female,19.2
8028,2015-12,Ages 50-64,0.34,Female,34.0
8032,2015-12,Ages 65+,0.924,Female,92.4
8036,2015-12,Ages 16-24,0.392,Female,39.2
8160,2016-03,Ages 25-34,0.14800000000000002,All,14.8
8164,2016-03,Ages 35-49,0.136,All,13.6
8168,2016-03,Ages 50-64,0.28,All,28.0
8172,2016-03,Ages 65+,0.8959999999999999,All,89.6
8176,2016-03,Ages 16-24,0.376,All,37.6
8180,2016-03,Ages 25-34,0.076,Male,7.6
8184,2016-03,Ages 35-49,0.077,Male,7.7
8188,2016-03,Ages 50-64,0.22,Male,22.0
8192,2016-03,Ages 65+,0.862,Male,86.2
8196,2016-03,Ages 16-24,0.36,Male,36.0
8200,2016-03,Ages 25-34,0.221,Female,22.1
8204,2016-03,Ages 35-49,0.19399999999999998,Female,19.4
8208,2016-03,Ages 50-64,0.33899999999999997,Female,33.9
8212,2016-03,Ages 65+,0.925,Female,92.5
8216,2016-03,Ages 16-24,0.392,Female,39.2
8340,2016-06,Ages 25-34,0.146,All,14.6
8344,2016-06,Ages 35-49,0.138,All,13.8
8348,2016-06,Ages 50-64,0.278,All,27.8
8352,2016-06,Ages 65+,0.895,All,89.5
8356,2016-06,Ages 16-24,0.375,All,37.5
8360,2016-06,Ages 25-34,0.075,Male,7.5
8364,2016-06,Ages 35-49,0.078,Male,7.8
8368,2016-06,Ages 50-64,0.21899999999999997,Male,21.9
8372,2016-06,Ages 65+,0.861,Male,86.1
8376,2016-06,Ages 16-24,0.364,Male,36.4
8380,2016-06,Ages 25-34,0.21600000000000003,Female,21.6
8384,2016-06,Ages 35-49,0.19699999999999998,Female,19.7
8388,2016-06,Ages 50-64,0.336,Female,33.6
8392,2016-06,Ages 65+,0.924,Female,92.4
8396,2016-06,Ages 16-24,0.38799999999999996,Female,38.8
8520,2016-09,Ages 25-34,0.146,All,14.6
8524,2016-09,Ages 35-49,0.139,All,13.9
8528,2016-09,Ages 50-64,0.276,All,27.6
8532,2016-09,Ages 65+,0.894,All,89.4
8536,2016-09,Ages 16-24,0.381,All,38.1
8540,2016-09,Ages 25-34,0.073,Male,7.3
8544,2016-09,Ages 35-49,0.078,Male,7.8
8548,2016-09,Ages 50-64,0.217,Male,21.7
8552,2016-09,Ages 65+,0.86,Male,86.0
8556,2016-09,Ages 16-24,0.368,Male,36.8
8560,2016-09,Ages 25-34,0.218,Female,21.8
8564,2016-09,Ages 35-49,0.19699999999999998,Female,19.7
8568,2016-09,Ages 50-64,0.33299999999999996,Female,33.3
8572,2016-09,Ages 65+,0.9229999999999999,Female,92.3
8576,2016-09,Ages 16-24,0.395,Female,39.5
8700,2016-12,Ages 25-34,0.14400000000000002,All,14.4
8704,2016-12,Ages 35-49,0.13699999999999998,All,13.7
8708,2016-12,Ages 50-64,0.276,All,27.6
8712,2016-12,Ages 65+,0.895,All,89.5
8716,2016-12,Ages 16-24,0.384,All,38.4
8720,2016-12,Ages 25-34,0.071,Male,7.1
8724,2016-12,Ages 35-49,0.077,Male,7.7
8728,2016-12,Ages 50-64,0.218,Male,21.8
8732,2016-12,Ages 65+,0.861,Male,86.1
8736,2016-12,Ages 16-24,0.371,Male,37.1
8740,2016-12,Ages 25-34,0.217,Female,21.7
8744,2016-12,Ages 35-49,0.196,Female,19.6
8748,2016-12,Ages 50-64,0.332,Female,33.2
8752,2016-12,Ages 65+,0.9229999999999999,Female,92.3
8756,2016-12,Ages 16-24,0.39799999999999996,Female,39.8
8880,2017-03,Ages 25-34,0.14300000000000002,All,14.3
8884,2017-03,Ages 35-49,0.136,All,13.6
8888,2017-03,Ages 50-64,0.275,All,27.5
8892,2017-03,Ages 65+,0.8959999999999999,All,89.6
8896,2017-03,Ages 16-24,0.384,All,38.4
8900,2017-03,Ages 25-34,0.07,Male,7.0
8904,2017-03,Ages 35-49,0.076,Male,7.6
8908,2017-03,Ages 50-64,0.217,Male,21.7
8912,2017-03,Ages 65+,0.862,Male,86.2
8916,2017-03,Ages 16-24,0.373,Male,37.3
8920,2017-03,Ages 25-34,0.215,Female,21.5
8924,2017-03,Ages 35-49,0.195,Female,19.5
8928,2017-03,Ages 50-64,0.33,Female,33.0
8932,2017-03,Ages 65+,0.924,Female,92.4
8936,2017-03,Ages 16-24,0.39399999999999996,Female,39.4
9060,2017-06,Ages 25-34,0.142,All,14.2
9064,2017-06,Ages 35-49,0.133,All,13.3
9068,2017-06,Ages 50-64,0.27399999999999997,All,27.4
9072,2017-06,Ages 65+,0.8959999999999999,All,89.6
9076,2017-06,Ages 16-24,0.389,All,38.9
9080,2017-06,Ages 25-34,0.071,Male,7.1
9084,2017-06,Ages 35-49,0.076,Male,7.6
9088,2017-06,Ages 50-64,0.217,Male,21.7
9092,2017-06,Ages 65+,0.863,Male,86.3
9096,2017-06,Ages 16-24,0.375,Male,37.5
9100,2017-06,Ages 25-34,0.213,Female,21.3
9104,2017-06,Ages 35-49,0.19,Female,19.0
9108,2017-06,Ages 50-64,0.32899999999999996,Female,32.9
9112,2017-06,Ages 65+,0.924,Female,92.4
9116,2017-06,Ages 16-24,0.40299999999999997,Female,40.3
9240,2017-09,Ages 25-34,0.14,All,14.0
9244,2017-09,Ages 35-49,0.133,All,13.3
9248,2017-09,Ages 50-64,0.272,All,27.2
9252,2017-09,Ages 65+,0.8959999999999999,All,89.6
9256,2017-09,Ages 16-24,0.39,All,39.0
9260,2017-09,Ages 25-34,0.071,Male,7.1
9264,2017-09,Ages 35-49,0.075,Male,7.5
9268,2017-09,Ages 50-64,0.217,Male,21.7
9272,2017-09,Ages 65+,0.863,Male,86.3
9276,2017-09,Ages 16-24,0.377,Male,37.7
9280,2017-09,Ages 25-34,0.209,Female,20.9
9284,2017-09,Ages 35-49,0.19,Female,19.0
9288,2017-09,Ages 50-64,0.325,Female,32.5
9292,2017-09,Ages 65+,0.924,Female,92.4
9296,2017-09,Ages 16-24,0.40299999999999997,Female,40.3
9420,2017-12,Ages 25-34,0.136,All,13.6
9424,2017-12,Ages 35-49,0.132,All,13.2
9428,2017-12,Ages 50-64,0.27,All,27.0
9432,2017-12,Ages 65+,0.8959999999999999,All,89.6
9436,2017-12,Ages 16-24,0.386,All,38.6
9440,2017-12,Ages 25-34,0.069,Male,6.9
9444,2017-12,Ages 35-49,0.073,Male,7.3
9448,2017-12,Ages 50-64,0.215,Male,21.5
9452,2017-12,Ages 65+,0.863,Male,86.3
9456,2017-12,Ages 16-24,0.373,Male,37.3
9460,2017-12,Ages 25-34,0.20199999999999999,Female,20.2
9464,2017-12,Ages 35-49,0.18899999999999997,Female,18.9
9468,2017-12,Ages 50-64,0.322,Female,32.2
9472,2017-12,Ages 65+,0.924,Female,92.4
9476,2017-12,Ages 16-24,0.4,Female,40.0
9600,2018-03,Ages 25-34,0.13699999999999998,All,13.7
9604,2018-03,Ages 35-49,0.131,All,13.1
9608,2018-03,Ages 50-64,0.268,All,26.8
9612,2018-03,Ages 65+,0.895,All,89.5
9616,2018-03,Ages 16-24,0.387,All,38.7
9620,2018-03,Ages 25-34,0.073,Male,7.3
9624,2018-03,Ages 35-49,0.07200000000000001,Male,7.2
9628,2018-03,Ages 50-64,0.215,Male,21.5
9632,2018-03,Ages 65+,0.863,Male,86.3
9636,2018-03,Ages 16-24,0.377,Male,37.7
9640,2018-03,Ages 25-34,0.20199999999999999,Female,20.2
9644,2018-03,Ages 35-49,0.188,Female,18.8
9648,2018-03,Ages 50-64,0.319,Female,31.9
9652,2018-03,Ages 65+,0.9229999999999999,Female,92.3
9656,2018-03,Ages 16-24,0.39899999999999997,Female,39.9
9780,2018-06,Ages 25-34,0.136,All,13.6
9784,2018-06,Ages 35-49,0.131,All,13.1
9788,2018-06,Ages 50-64,0.26899999999999996,All,26.9
9792,2018-06,Ages 65+,0.895,All,89.5
9796,2018-06,Ages 16-24,0.38799999999999996,All,38.8
9800,2018-06,Ages 25-34,0.07200000000000001,Male,7.2
9804,2018-06,Ages 35-49,0.073,Male,7.3
9808,2018-06,Ages 50-64,0.217,Male,21.7
9812,2018-06,Ages 65+,0.863,Male,86.3
9816,2018-06,Ages 16-24,0.374,Male,37.4
9820,2018-06,Ages 25-34,0.201,Female,20.1
9824,2018-06,Ages 35-49,0.187,Female,18.7
9828,2018-06,Ages 50-64,0.319,Female,31.9
9832,2018-06,Ages 65+,0.922,Female,92.2
9836,2018-06,Ages 16-24,0.40399999999999997,Female,40.4
9960,2018-09,Ages 25-34,0.136,All,13.6
9964,2018-09,Ages 35-49,0.13,All,13.0
9968,2018-09,Ages 50-64,0.266,All,26.6
9972,2018-09,Ages 65+,0.8959999999999999,All,89.6
9976,2018-09,Ages 16-24,0.392,All,39.2
9980,2018-09,Ages 25-34,0.071,Male,7.1
9984,2018-09,Ages 35-49,0.07200000000000001,Male,7.2
9988,2018-09,Ages 50-64,0.215,Male,21.5
9992,2018-09,Ages 65+,0.8640000000000001,Male,86.4
9996,2018-09,Ages 16-24,0.377,Male,37.7
10000,2018-09,Ages 25-34,0.2,Female,20.0
10004,2018-09,Ages 35-49,0.18600000000000003,Female,18.6
10008,2018-09,Ages 50-64,0.315,Female,31.5
10012,2018-09,Ages 65+,0.9229999999999999,Female,92.3
10016,2018-09,Ages 16-24,0.40700000000000003,Female,40.7
10140,2018-12,Ages 25-34,0.136,All,13.6
10144,2018-12,Ages 35-49,0.13,All,13.0
10148,2018-12,Ages 50-64,0.265,All,26.5
10152,2018-12,Ages 65+,0.894,All,89.4
10156,2018-12,Ages 16-24,0.39299999999999996,All,39.3
10160,2018-12,Ages 25-34,0.07200000000000001,Male,7.2
10164,2018-12,Ages 35-49,0.07200000000000001,Male,7.2
10168,2018-12,Ages 50-64,0.215,Male,21.5
10172,2018-12,Ages 65+,0.86,Male,86.0
10176,2018-12,Ages 16-24,0.379,Male,37.9
10180,2018-12,Ages 25-34,0.201,Female,20.1
10184,2018-12,Ages 35-49,0.185,Female,18.5
10188,2018-12,Ages 50-64,0.312,Female,31.2
10192,2018-12,Ages 65+,0.922,Female,92.2
10196,2018-12,Ages 16-24,0.40700000000000003,Female,40.7
10320,2019-03,Ages 25-34,0.134,All,13.4
10324,2019-03,Ages 35-49,0.128,All,12.8
10328,2019-03,Ages 50-64,0.262,All,26.2
10332,2019-03,Ages 65+,0.894,All,89.4
10336,2019-03,Ages 16-24,0.39,All,39.0
10340,2019-03,Ages 25-34,0.069,Male,6.9
10344,2019-03,Ages 35-49,0.07200000000000001,Male,7.2
10348,2019-03,Ages 50-64,0.213,Male,21.3
10352,2019-03,Ages 65+,0.861,Male,86.1
10356,2019-03,Ages 16-24,0.375,Male,37.5
10360,2019-03,Ages 25-34,0.2,Female,20.0
10364,2019-03,Ages 35-49,0.182,Female,18.2
10368,2019-03,Ages 50-64,0.31,Female,31.0
10372,2019-03,Ages 65+,0.922,Female,92.2
10376,2019-03,Ages 16-24,0.406,Female,40.6
10500,2019-06,Ages 25-34,0.132,All,13.2
10504,2019-06,Ages 35-49,0.128,All,12.8
10508,2019-06,Ages 50-64,0.259,All,25.9
10512,2019-06,Ages 65+,0.892,All,89.2
10516,2019-06,Ages 16-24,0.389,All,38.9
10520,2019-06,Ages 25-34,0.07,Male,7.0
10524,2019-06,Ages 35-49,0.07200000000000001,Male,7.2
10528,2019-06,Ages 50-64,0.212,Male,21.2
10532,2019-06,Ages 65+,0.858,Male,85.8
10536,2019-06,Ages 16-24,0.38,Male,38.0
10540,2019-06,Ages 25-34,0.195,Female,19.5
10544,2019-06,Ages 35-49,0.183,Female,18.3
10548,2019-06,Ages 50-64,0.305,Female,30.5
10552,2019-06,Ages 65+,0.92,Female,92.0
10556,2019-06,Ages 16-24,0.39799999999999996,Female,39.8
10680,2019-09,Ages 25-34,0.131,All,13.1
10684,2019-09,Ages 35-49,0.13,All,13.0
10688,2019-09,Ages 50-64,0.258,All,25.8
10692,2019-09,Ages 65+,0.8909999999999999,All,89.1
10696,2019-09,Ages 16-24,0.38799999999999996,All,38.8
10700,2019-09,Ages 25-34,0.07,Male,7.0
10704,2019-09,Ages 35-49,0.073,Male,7.3
10708,2019-09,Ages 50-64,0.21100000000000002,Male,21.1
10712,2019-09,Ages 65+,0.858,Male,85.8
10716,2019-09,Ages 16-24,0.38,Male,38.0
10720,2019-09,Ages 25-34,0.193,Female,19.3
10724,2019-09,Ages 35-49,0.185,Female,18.5
10728,2019-09,Ages 50-64,0.303,Female,30.3
10732,2019-09,Ages 65+,0.919,Female,91.9
10736,2019-09,Ages 16-24,0.396,Female,39.6
10860,2019-12,Ages 25-34,0.131,All,13.1
10864,2019-12,Ages 35-49,0.128,All,12.8
10868,2019-12,Ages 50-64,0.257,All,25.7
10872,2019-12,Ages 65+,0.8909999999999999,All,89.1
10876,2019-12,Ages 16-24,0.39,All,39.0
10880,2019-12,Ages 25-34,0.073,Male,7.3
10884,2019-12,Ages 35-49,0.073,Male,7.3
10888,2019-12,Ages 50-64,0.21100000000000002,Male,21.1
10892,2019-12,Ages 65+,0.86,Male,86.0
10896,2019-12,Ages 16-24,0.381,Male,38.1
10900,2019-12,Ages 25-34,0.18899999999999997,Female,18.9
10904,2019-12,Ages 35-49,0.182,Female,18.2
10908,2019-12,Ages 50-64,0.301,Female,30.1
10912,2019-12,Ages 65+,0.917,Female,91.7
10916,2019-12,Ages 16-24,0.4,Female,40.0
11040,2020-03,Ages 25-34,0.128,All,12.8
11044,2020-03,Ages 35-49,0.126,All,12.6
11048,2020-03,Ages 50-64,0.256,All,25.6
11052,2020-03,Ages 65+,0.888,All,88.8
11056,2020-03,Ages 16-24,0.38799999999999996,All,38.8
11060,2020-03,Ages 25-34,0.07400000000000001,Male,7.4
11064,2020-03,Ages 35-49,0.073,Male,7.3
11068,2020-03,Ages 50-64,0.21,Male,21.0
11072,2020-03,Ages 65+,0.8590000000000001,Male,85.9
11076,2020-03,Ages 16-24,0.382,Male,38.2
11080,2020-03,Ages 25-34,0.184,Female,18.4
11084,2020-03,Ages 35-49,0.179,Female,17.9
11088,2020-03,Ages 50-64,0.3,Female,30.0
11092,2020-03,Ages 65+,0.9129999999999999,Female,91.3
11096,2020-03,Ages 16-24,0.395,Female,39.5
11220,2020-06,Ages 25-34,0.126,All,12.6
11224,2020-06,Ages 35-49,0.126,All,12.6
11228,2020-06,Ages 50-64,0.258,All,25.8
11232,2020-06,Ages 65+,0.8909999999999999,All,89.1
11236,2020-06,Ages 16-24,0.387,All,38.7
11240,2020-06,Ages 25-34,0.075,Male,7.5
11244,2020-06,Ages 35-49,0.07400000000000001,Male,7.4
11248,2020-06,Ages 50-64,0.213,Male,21.3
11252,2020-06,Ages 65+,0.8640000000000001,Male,86.4
11256,2020-06,Ages 16-24,0.382,Male,38.2
11260,2020-06,Ages 25-34,0.17800000000000002,Female,17.8
11264,2020-06,Ages 35-49,0.17800000000000002,Female,17.8
11268,2020-06,Ages 50-64,0.303,Female,30.3
11272,2020-06,Ages 65+,0.915,Female,91.5
11276,2020-06,Ages 16-24,0.392,Female,39.2
11400,2020-09,Ages 25-34,0.124,All,12.4
11404,2020-09,Ages 35-49,0.126,All,12.6
11408,2020-09,Ages 50-64,0.261,All,26.1
11412,2020-09,Ages 65+,0.8909999999999999,All,89.1
11416,2020-09,Ages 16-24,0.39399999999999996,All,39.4
11420,2020-09,Ages 25-34,0.078,Male,7.8
11424,2020-09,Ages 35-49,0.076,Male,7.6
11428,2020-09,Ages 50-64,0.215,Male,21.5
11432,2020-09,Ages 65+,0.863,Male,86.3
11436,2020-09,Ages 16-24,0.39,Male,39.0
11440,2020-09,Ages 25-34,0.171,Female,17.1
11444,2020-09,Ages 35-49,0.17600000000000002,Female,17.6
11448,2020-09,Ages 50-64,0.305,Female,30.5
11452,2020-09,Ages 65+,0.915,Female,91.5
11456,2020-09,Ages 16-24,0.39899999999999997,Female,39.9
11580,2020-12,Ages 25-34,0.12300000000000001,All,12.3
11584,2020-12,Ages 35-49,0.126,All,12.6
11588,2020-12,Ages 50-64,0.26,All,26.0
11592,2020-12,Ages 65+,0.892,All,89.2
11596,2020-12,Ages 16-24,0.395,All,39.5
11600,2020-12,Ages 25-34,0.079,Male,7.9
11604,2020-12,Ages 35-49,0.076,Male,7.6
11608,2020-12,Ages 50-64,0.213,Male,21.3
11612,2020-12,Ages 65+,0.865,Male,86.5
11616,2020-12,Ages 16-24,0.395,Male,39.5
11620,2020-12,Ages 25-34,0.168,Female,16.8
11624,2020-12,Ages 35-49,0.175,Female,17.5
11628,2020-12,Ages 50-64,0.304,Female,30.4
11632,2020-12,Ages 65+,0.9159999999999999,Female,91.6
11636,2020-12,Ages 16-24,0.396,Female,39.6
11760,2021-03,Ages 25-34,0.122,All,12.2
11764,2021-03,Ages 35-49,0.128,All,12.8
11768,2021-03,Ages 50-64,0.263,All,26.3
11772,2021-03,Ages 65+,0.895,All,89.5
11776,2021-03,Ages 16-24,0.406,All,40.6
11780,2021-03,Ages 25-34,0.08199999999999999,Male,8.2
11784,2021-03,Ages 35-49,0.078,Male,7.8
11788,2021-03,Ages 50-64,0.217,Male,21.7
11792,2021-03,Ages 65+,0.868,Male,86.8
11796,2021-03,Ages 16-24,0.408,Male,40.8
11800,2021-03,Ages 25-34,0.163,Female,16.3
11804,2021-03,Ages 35-49,0.17600000000000002,Female,17.6
11808,2021-03,Ages 50-64,0.306,Female,30.6
11812,2021-03,Ages 65+,0.919,Female,91.9
11816,2021-03,Ages 16-24,0.40299999999999997,Female,40.3
11940,2021-06,Ages 25-34,0.124,All,12.4
11944,2021-06,Ages 35-49,0.127,All,12.7
11948,2021-06,Ages 50-64,0.264,All,26.4
11952,2021-06,Ages 65+,0.895,All,89.5
11956,2021-06,Ages 16-24,0.419,All,41.9
11960,2021-06,Ages 25-34,0.083,Male,8.3
11964,2021-06,Ages 35-49,0.078,Male,7.8
11968,2021-06,Ages 50-64,0.21899999999999997,Male,21.9
11972,2021-06,Ages 65+,0.866,Male,86.6
11976,2021-06,Ages 16-24,0.42200000000000004,Male,42.2
11980,2021-06,Ages 25-34,0.165,Female,16.5
11984,2021-06,Ages 35-49,0.175,Female,17.5
11988,2021-06,Ages 50-64,0.308,Female,30.8
11992,2021-06,Ages 65+,0.92,Female,92.0
11996,2021-06,Ages 16-24,0.41600000000000004,Female,41.6
12120,2021-09,Ages 25-34,0.126,All,12.6
12124,2021-09,Ages 35-49,0.12300000000000001,All,12.3
12128,2021-09,Ages 50-64,0.265,All,26.5
12132,2021-09,Ages 65+,0.895,All,89.5
12136,2021-09,Ages 16-24,0.41700000000000004,All,41.7
12140,2021-09,Ages 25-34,0.084,Male,8.4
12144,2021-09,Ages 35-49,0.077,Male,7.7
12148,2021-09,Ages 50-64,0.21899999999999997,Male,21.9
12152,2021-09,Ages 65+,0.867,Male,86.7
12156,2021-09,Ages 16-24,0.415,Male,41.5
12160,2021-09,Ages 25-34,0.168,Female,16.8
12164,2021-09,Ages 35-49,0.168,Female,16.8
12168,2021-09,Ages 50-64,0.309,Female,30.9
12172,2021-09,Ages 65+,0.919,Female,91.9
12176,2021-09,Ages 16-24,0.419,Female,41.9
12300,2021-12,Ages 25-34,0.126,All,12.6
12304,2021-12,Ages 35-49,0.12300000000000001,All,12.3
12308,2021-12,Ages 50-64,0.26899999999999996,All,26.9
12312,2021-12,Ages 65+,0.8959999999999999,All,89.6
12316,2021-12,Ages 16-24,0.414,All,41.4
12320,2021-12,Ages 25-34,0.086,Male,8.6
12324,2021-12,Ages 35-49,0.08,Male,8.0
12328,2021-12,Ages 50-64,0.222,Male,22.2
12332,2021-12,Ages 65+,0.868,Male,86.8
12336,2021-12,Ages 16-24,0.41100000000000003,Male,41.1
12340,2021-12,Ages 25-34,0.16699999999999998,Female,16.7
12344,2021-12,Ages 35-49,0.16399999999999998,Female,16.4
12348,2021-12,Ages 50-64,0.314,Female,31.4
12352,2021-12,Ages 65+,0.92,Female,92.0
12356,2021-12,Ages 16-24,0.41700000000000004,Female,41.7
12480,2022-03,Ages 25-34,0.126,All,12.6
12484,2022-03,Ages 35-49,0.12300000000000001,All,12.3
12488,2022-03,Ages 50-64,0.27,All,27.0
12492,2022-03,Ages 65+,0.894,All,89.4
12496,2022-03,Ages 16-24,0.406,All,40.6
12500,2022-03,Ages 25-34,0.08199999999999999,Male,8.2
12504,2022-03,Ages 35-49,0.077,Male,7.7
12508,2022-03,Ages 50-64,0.225,Male,22.5
12512,2022-03,Ages 65+,0.866,Male,86.6
12516,2022-03,Ages 16-24,0.40299999999999997,Male,40.3
12520,2022-03,Ages 25-34,0.17,Female,17.0
12524,2022-03,Ages 35-49,0.168,Female,16.8
12528,2022-03,Ages 50-64,0.314,Female,31.4
12532,2022-03,Ages 65+,0.9179999999999999,Female,91.8
12536,2022-03,Ages 16-24,0.41,Female,41.0
12660,2022-06,Ages 25-34,0.127,All,12.7
12664,2022-06,Ages 35-49,0.122,All,12.2
12668,2022-06,Ages 50-64,0.271,All,27.1
12672,2022-06,Ages 65+,0.8909999999999999,All,89.1
12676,2022-06,Ages 16-24,0.401,All,40.1
12680,2022-06,Ages 25-34,0.083,Male,8.3
12684,2022-06,Ages 35-49,0.077,Male,7.7
12688,2022-06,Ages 50-64,0.226,Male,22.6
12692,2022-06,Ages 65+,0.862,Male,86.2
12696,2022-06,Ages 16-24,0.395,Male,39.5
12700,2022-06,Ages 25-34,0.17300000000000001,Female,17.3
12704,2022-06,Ages 35-49,0.166,Female,16.6
12708,2022-06,Ages 50-64,0.315,Female,31.5
12712,2022-06,Ages 65+,0.917,Female,91.7
12716,2022-06,Ages 16-24,0.408,Female,40.8
12840,2022-09,Ages 25-34,0.125,All,12.5
12844,2022-09,Ages 35-49,0.12300000000000001,All,12.3
12848,2022-09,Ages 50-64,0.275,All,27.5
12852,2022-09,Ages 65+,0.8909999999999999,All,89.1
12856,2022-09,Ages 16-24,0.402,All,40.2
12860,2022-09,Ages 25-34,0.08,Male,8.0
12864,2022-09,Ages 35-49,0.076,Male,7.6
12868,2022-09,Ages 50-64,0.22899999999999998,Male,22.9
12872,2022-09,Ages 65+,0.863,Male,86.3
12876,2022-09,Ages 16-24,0.40399999999999997,Male,40.4
12880,2022-09,Ages 25-34,0.172,Female,17.2
12884,2022-09,Ages 35-49,0.16899999999999998,Female,16.9
12888,2022-09,Ages 50-64,0.318,Female,31.8
12892,2022-09,Ages 65+,0.914,Female,91.4
12896,2022-09,Ages 16-24,0.4,Female,40.0
13020,2022-12,Ages 25-34,0.124,All,12.4
13024,2022-12,Ages 35-49,0.122,All,12.2
13028,2022-12,Ages 50-64,0.275,All,27.5
13032,2022-12,Ages 65+,0.889,All,88.9
13036,2022-12,Ages 16-24,0.401,All,40.1
13040,2022-12,Ages 25-34,0.08,Male,8.0
13044,2022-12,Ages 35-49,0.075,Male,7.5
13048,2022-12,Ages 50-64,0.233,Male,23.3
13052,2022-12,Ages 65+,0.861,Male,86.1
13056,2022-12,Ages 16-24,0.405,Male,40.5
13060,2022-12,Ages 25-34,0.17,Female,17.0
13064,2022-12,Ages 35-49,0.168,Female,16.8
13068,2022-12,Ages 50-64,0.315,Female,31.5
13072,2022-12,Ages 65+,0.9129999999999999,Female,91.3
13076,2022-12,Ages 16-24,0.397,Female,39.7
13200,2023-03,Ages 25-34,0.128,All,12.8
13204,2023-03,Ages 35-49,0.12300000000000001,All,12.3
13208,2023-03,Ages 50-64,0.273,All,27.3
13212,2023-03,Ages 65+,0.887,All,88.7
13216,2023-03,Ages 16-24,0.401,All,40.1
13220,2023-03,Ages 25-34,0.087,Male,8.7
13224,2023-03,Ages 35-49,0.077,Male,7.7
13228,2023-03,Ages 50-64,0.228,Male,22.8
13232,2023-03,Ages 65+,0.8590000000000001,Male,85.9
13236,2023-03,Ages 16-24,0.39799999999999996,Male,39.8
13240,2023-03,Ages 25-34,0.17,Female,17.0
13244,2023-03,Ages 35-49,0.168,Female,16.8
13248,2023-03,Ages 50-64,0.316,Female,31.6
13252,2023-03,Ages 65+,0.912,Female,91.2
13256,2023-03,Ages 16-24,0.405,Female,40.5
