,LOCATION,TIME,Trade,GDP,Continent
0,Australia,2000,3.668754,3.388544793,Oceania
1,Australia,2001,-1.987938,2.738354119,Oceania
2,Australia,2002,2.132359,4.016771719,Oceania
3,Australia,2003,4.989492,3.13962852,Oceania
4,Australia,2004,10.47409,3.955919475,Oceania
5,Australia,2005,4.628231,3.012946532,Oceania
6,Australia,2006,3.087969,2.685097386,Oceania
7,Australia,2007,4.413211,4.374535719,Oceania
8,Australia,2008,11.47949,2.417800485,Oceania
9,Australia,2009,-7.861965,1.981399861,Oceania
10,Australia,2010,10.16967,2.484017245,Oceania
11,Australia,2011,3.918202,2.659461789,Oceania
12,Australia,2012,-3.994216,3.895451748,Oceania
13,Australia,2013,2.053225,2.168080482,Oceania
14,Australia,2014,1.091779,2.528114508,Oceania
15,Australia,2015,-8.500823,2.268830338,Oceania
16,Australia,2016,-4.509134,2.684561241,Oceania
17,Australia,2017,2.402797,2.425268673,Oceania
18,Australia,2018,9.694968,2.844294141,Oceania
19,Australia,2019,0.2245402,1.920768664,Oceania
20,Austria,2000,-0.8344666,3.3757198,Europe
21,Austria,2001,8.097234,1.267167948,Europe
22,Austria,2002,0.8421702,1.651552793,Europe
23,Austria,2003,12.13553,0.941475669,Europe
24,Austria,2004,8.50959,2.73511664,Europe
25,Austria,2005,0.3555211,2.244065586,Europe
26,Austria,2006,0.1009955,3.454035839,Europe
27,Austria,2007,1.997061,3.727416073,Europe
28,Austria,2008,6.941861,1.46042314,Europe
29,Austria,2009,-12.30926,-3.764579527,Europe
30,Austria,2010,-3.889393,1.837094256,Europe
31,Austria,2011,4.283945,2.922799103,Europe
32,Austria,2012,-2.466985,0.680444378,Europe
33,Austria,2013,2.622663,0.025505515,Europe
34,Austria,2014,2.990523,0.661276219,Europe
35,Austria,2015,-9.445352,1.014502605,Europe
36,Austria,2016,-1.330827,1.989436677,Europe
37,Austria,2017,4.224958,2.258570451,Europe
38,Austria,2018,4.759946,2.42538899,Europe
39,Austria,2019,1.764866,1.517386132,Europe
40,Belgium,2000,1.781105,3.71677963,Europe
41,Belgium,2001,4.841115,1.099771248,Europe
42,Belgium,2002,4.352718,1.706883048,Europe
43,Belgium,2003,3.01424,1.03798163,Europe
44,Belgium,2004,8.977746,3.571084408,Europe
45,Belgium,2005,1.649385,2.322132437,Europe
46,Belgium,2006,1.38834,2.551596815,Europe
47,Belgium,2007,5.006671,3.677083053,Europe
48,Belgium,2008,5.950203,0.447318293,Europe
49,Belgium,2009,-11.99965,-2.020996901,Europe
50,Belgium,2010,-1.876791,2.864531215,Europe
51,Belgium,2011,7.807158,1.694459662,Europe
52,Belgium,2012,-0.1955444,0.739090486,Europe
53,Belgium,2013,3.202923,0.45929217,Europe
54,Belgium,2014,-0.650876,1.578532358,Europe
55,Belgium,2015,-10.9485,2.041311082,Europe
56,Belgium,2016,1.120054,1.266855611,Europe
57,Belgium,2017,0.5872622,1.619508034,Europe
58,Belgium,2018,5.944562,1.792851912,Europe
59,Belgium,2019,0.5482838,2.261845307,Europe
60,Canada,2000,6.566343,5.177636,North America
61,Canada,2001,0.08124857,1.789973,North America
62,Canada,2002,0.7892517,3.018051,North America
63,Canada,2003,3.871085,1.801518,North America
64,Canada,2004,3.816303,3.086981,North America
65,Canada,2005,1.393206,3.2042,North America
66,Canada,2006,-3.017256,2.634304,North America
67,Canada,2007,1.829629,2.071825,North America
68,Canada,2008,3.883126,1.004289,North America
69,Canada,2009,-22.34091,-2.925956,North America
70,Canada,2010,6.790943,3.089919,North America
71,Canada,2011,5.571005,3.1461,North America
72,Canada,2012,0.6188881,1.760962,North America
73,Canada,2013,1.443157,2.329123,North America
74,Canada,2014,-0.7937496,2.870036,North America
75,Canada,2015,-11.28334,0.659177,North America
76,Canada,2016,-3.097669,1.001394,North America
77,Canada,2017,3.773999,3.039880194,North America
78,Canada,2018,2.625591,2.777040574,North America
79,Canada,2019,-2.181971,1.888223568,North America
80,Czechia,2000,3.710818,4.001028635,Europe
81,Czechia,2001,10.42928,3.042976563,Europe
82,Czechia,2002,2.281563,1.569855328,Europe
83,Czechia,2003,8.848166,3.583688459,Europe
84,Czechia,2004,8.941596,4.814261001,Europe
85,Czechia,2005,2.181591,6.60161753,Europe
86,Czechia,2006,5.656487,6.766932681,Europe
87,Czechia,2007,5.181862,5.570338859,Europe
88,Czechia,2008,11.67333,2.686411951,Europe
89,Czechia,2009,-15.7526,-4.657331092,Europe
90,Czechia,2010,-1.017409,2.434902159,Europe
91,Czechia,2011,6.218727,1.760359624,Europe
92,Czechia,2012,2.239511,-0.785004299,Europe
93,Czechia,2013,0.5087451,-0.045903674,Europe
94,Czechia,2014,3.588064,2.262102897,Europe
95,Czechia,2015,-7.931396,5.388380838,Europe
96,Czechia,2016,-0.4641791,2.53728452,Europe
97,Czechia,2017,4.384983,5.168724304,Europe
98,Czechia,2018,6.061334,3.22008807,Europe
99,Czechia,2019,0.9280313,3.029878663,Europe
100,Denmark,2000,-5.980723,3.746862171,Europe
101,Denmark,2001,1.319978,0.823155361,Europe
102,Denmark,2002,1.605508,0.466344956,Europe
103,Denmark,2003,6.303345,0.39005623,Europe
104,Denmark,2004,6.126964,2.668217538,Europe
105,Denmark,2005,4.40555,2.336641647,Europe
106,Denmark,2006,3.754011,3.913003347,Europe
107,Denmark,2007,-0.7899204,0.909247626,Europe
108,Denmark,2008,8.926538,-0.512019927,Europe
109,Denmark,2009,-10.77416,-4.906546955,Europe
110,Denmark,2010,-4.729446,1.870987434,Europe
111,Denmark,2011,10.76481,1.336780558,Europe
112,Denmark,2012,-4.031117,0.226512119,Europe
113,Denmark,2013,0.3627785,0.933338205,Europe
114,Denmark,2014,-1.475242,1.619396343,Europe
115,Denmark,2015,-6.223815,2.342587725,Europe
116,Denmark,2016,-0.3545018,3.245949426,Europe
117,Denmark,2017,0.5838693,2.821749347,Europe
118,Denmark,2018,3.199152,1.989532464,Europe
119,Denmark,2019,-0.5887357,1.493484246,Europe
120,Finland,2000,3.890639,5.773293357,Europe
121,Finland,2001,2.156183,2.609423799,Europe
122,Finland,2002,-3.63186,1.707139549,Europe
123,Finland,2003,2.073177,2.003773339,Europe
124,Finland,2004,5.667072,3.992070072,Europe
125,Finland,2005,1.998843,2.779836348,Europe
126,Finland,2006,3.867215,4.027389631,Europe
127,Finland,2007,1.523178,5.299311176,Europe
128,Finland,2008,8.333514,0.783991502,Europe
129,Finland,2009,-22.40068,-8.074411063,Europe
130,Finland,2010,-15.89505,3.185943043,Europe
131,Finland,2011,-3.541963,2.547177875,Europe
132,Finland,2012,1.264856,-1.397082658,Europe
133,Finland,2013,6.098712,-0.902161713,Europe
134,Finland,2014,-2.964031,-0.364908157,Europe
135,Finland,2015,-13.2345,0.543659212,Europe
136,Finland,2016,-3.43324,2.811457767,Europe
137,Finland,2017,8.629007,3.19240963,Europe
138,Finland,2018,9.41288,1.139718013,Europe
139,Finland,2019,3.351234,1.224308048,Europe
140,France,2000,-1.987536,3.92348384,Europe
141,France,2001,3.826377,1.983660495,Europe
142,France,2002,-1.136986,1.13553497,Europe
143,France,2003,8.031237,0.823429085,Europe
144,France,2004,3.785309,2.82993852,Europe
145,France,2005,-1.180011,1.663294527,Europe
146,France,2006,0.8657402,2.449479689,Europe
147,France,2007,2.440891,2.424845442,Europe
148,France,2008,9.66363,0.254867827,Europe
149,France,2009,-12.63284,-2.873225707,Europe
150,France,2010,0.1643177,1.949072696,Europe
151,France,2011,6.101971,2.192625154,Europe
152,France,2012,-0.9505768,0.313319349,Europe
153,France,2013,2.201857,0.576211935,Europe
154,France,2014,1.249238,0.95611139,Europe
155,France,2015,-8.78091,1.112958237,Europe
156,France,2016,-0.1190336,1.095486288,Europe
157,France,2017,-0.8088656,2.291435372,Europe
158,France,2018,4.223008,1.864938955,Europe
159,France,2019,1.549095,1.843050183,Europe
160,Germany,2000,-1.053642,2.903186555,Europe
161,Germany,2001,3.456441,1.687438351,Europe
162,Germany,2002,-1.605007,-0.200879192,Europe
163,Germany,2003,7.717258,-0.703033283,Europe
164,Germany,2004,10.73515,1.183935935,Europe
165,Germany,2005,2.33074,0.725858156,Europe
166,Germany,2006,5.336322,3.813558799,Europe
167,Germany,2007,-0.05918702,2.982091061,Europe
168,Germany,2008,5.983925,0.959853255,Europe
169,Germany,2009,-12.75236,-5.696354358,Europe
170,Germany,2010,-1.848136,4.185545569,Europe
171,Germany,2011,5.298277,3.914107461,Europe
172,Germany,2012,-0.5711002,0.426366606,Europe
173,Germany,2013,2.88217,0.432370587,Europe
174,Germany,2014,3.030795,2.217380896,Europe
175,Germany,2015,-6.26796,1.486781784,Europe
176,Germany,2016,0.5042421,2.22999986,Europe
177,Germany,2017,2.108818,2.680231105,Europe
178,Germany,2018,3.434791,0.983613779,Europe
179,Germany,2019,0.9950289,1.054220686,Europe
180,Greece,2000,2.506344,3.919770754,Europe
181,Greece,2001,2.428387,4.131612053,Europe
182,Greece,2002,-4.329434,3.922871841,Europe
183,Greece,2003,17.81023,5.79453126,Europe
184,Greece,2004,5.902207,5.060992579,Europe
185,Greece,2005,-0.433793,0.599224801,Europe
186,Greece,2006,3.776953,5.652433691,Europe
187,Greece,2007,8.65181,3.27374689,Europe
188,Greece,2008,1.959369,-0.335172588,Europe
189,Greece,2009,-14.60948,-4.300733648,Europe
190,Greece,2010,-0.1025089,-5.478649135,Europe
191,Greece,2011,-4.500101,-10.149314547,Europe
192,Greece,2012,4.85011,-7.08669691,Europe
193,Greece,2013,-6.658679,-2.515997047,Europe
194,Greece,2014,6.398216,0.475695568,Europe
195,Greece,2015,-12.84457,-0.196087496,Europe
196,Greece,2016,-2.830639,-0.487173037,Europe
197,Greece,2017,4.149314,1.092148951,Europe
198,Greece,2018,11.73863,1.668428358,Europe
199,Greece,2019,-2.202944,1.884342284,Europe
200,Hungary,2000,0.2902057,4.479198817,Europe
201,Hungary,2001,6.17079,4.074087873,Europe
202,Hungary,2002,4.535291,4.741282612,Europe
203,Hungary,2003,9.00849,4.074249746,Europe
204,Hungary,2004,9.461118,5.004620692,Europe
205,Hungary,2005,0.7073149,4.29427761,Europe
206,Hungary,2006,5.983422,3.946070027,Europe
207,Hungary,2007,5.499289,0.277366709,Europe
208,Hungary,2008,9.921985,1.003943059,Europe
209,Hungary,2009,-16.18046,-6.597864427,Europe
210,Hungary,2010,-3.092953,1.076254043,Europe
211,Hungary,2011,6.984962,1.866840641,Europe
212,Hungary,2012,-2.780748,-1.250229093,Europe
213,Hungary,2013,1.115531,1.802522101,Europe
214,Hungary,2014,-0.6517498,4.232212898,Europe
215,Hungary,2015,-6.675654,3.707309937,Europe
216,Hungary,2016,-1.532378,2.201004816,Europe
217,Hungary,2017,3.074842,4.271976016,Europe
218,Hungary,2018,5.524115,5.362345678,Europe
219,Hungary,2019,3.67347,4.864230953,Europe
220,Iceland,2000,-4.62015,4.985042762,Europe
221,Iceland,2001,17.96126,4.013497571,Europe
222,Iceland,2002,0.5893304,0.559519074,Europe
223,Iceland,2003,13.7543,2.142688389,Europe
224,Iceland,2004,22.61609,7.802399469,Europe
225,Iceland,2005,1.522952,6.124439011,Europe
226,Iceland,2006,6.863993,6.316993053,Europe
227,Iceland,2007,23.21804,8.454860115,Europe
228,Iceland,2008,-10.06433,2.209496394,Europe
229,Iceland,2009,-9.369572,-7.663809528,Europe
230,Iceland,2010,3.426165,-2.832774929,Europe
231,Iceland,2011,1.106609,1.845779178,Europe
232,Iceland,2012,-2.753872,1.063636568,Europe
233,Iceland,2013,4.300045,4.552460316,Europe
234,Iceland,2014,-2.025836,1.687215021,Europe
235,Iceland,2015,-0.1911613,4.436663729,Europe
236,Iceland,2016,-1.14249,6.303687125,Europe
237,Iceland,2017,-11.82697,4.19494881,Europe
238,Iceland,2018,8.381407,4.889173006,Europe
239,Iceland,2019,8.047194,1.805161031,Europe
240,Ireland,2000,-2.047676,9.403524375,Europe
241,Ireland,2001,3.830174,5.305821819,Europe
242,Ireland,2002,8.034735,5.899366516,Europe
243,Ireland,2003,0.06181868,3.014091666,Europe
244,Ireland,2004,4.293098,6.788446997,Europe
245,Ireland,2005,2.656607,5.73955238,Europe
246,Ireland,2006,-4.188635,4.987854669,Europe
247,Ireland,2007,0.8131329,5.310117001,Europe
248,Ireland,2008,3.630183,-4.484069825,Europe
249,Ireland,2009,-0.6580026,-5.095781697,Europe
250,Ireland,2010,2.616634,1.682972204,Europe
251,Ireland,2011,2.657809,0.833828031,Europe
252,Ireland,2012,-0.09905436,-0.005541446,Europe
253,Ireland,2013,-2.207426,1.125690649,Europe
254,Ireland,2014,-1.945315,8.649351226,Europe
255,Ireland,2015,-3.102092,24.370446169,Europe
256,Ireland,2016,-6.869648,2.006654044,Europe
257,Ireland,2017,-0.009107861,9.005342997,Europe
258,Ireland,2018,10.58868,8.527540805,Europe
259,Ireland,2019,-1.759387,5.440936476,Europe
260,Italy,2000,0.02934611,3.786828333,Europe
261,Italy,2001,4.847236,1.951323577,Europe
262,Italy,2002,-3.80827,0.253869902,Europe
263,Italy,2003,5.184309,0.138596324,Europe
264,Italy,2004,0.7057692,1.423530307,Europe
265,Italy,2005,2.25005,0.817791014,Europe
266,Italy,2006,4.108948,1.790628139,Europe
267,Italy,2007,2.137769,1.486978759,Europe
268,Italy,2008,6.614816,-0.962074492,Europe
269,Italy,2009,-14.37271,-5.280973833,Europe
270,Italy,2010,-1.335935,1.713252679,Europe
271,Italy,2011,4.616605,0.7072488,Europe
272,Italy,2012,-1.542577,-2.980966006,Europe
273,Italy,2013,1.278098,-1.841246075,Europe
274,Italy,2014,2.284862,-0.004553627,Europe
275,Italy,2015,-9.041886,0.778242997,Europe
276,Italy,2016,0.6955466,1.293408363,Europe
277,Italy,2017,1.606023,1.667848009,Europe
278,Italy,2018,3.120238,0.925770476,Europe
279,Italy,2019,-0.1475242,0.483216259,Europe
280,Japan,2000,-0.3589838,2.764668845,Asia
281,Japan,2001,-10.64815,0.386082626,Asia
282,Japan,2002,-0.3152993,0.041962499,Asia
283,Japan,2003,2.013032,1.535146131,Asia
284,Japan,2004,7.951196,2.18609493,Asia
285,Japan,2005,2.208987,1.803920758,Asia
286,Japan,2006,4.845659,1.372330327,Asia
287,Japan,2007,3.252451,1.483969412,Asia
288,Japan,2008,5.995117,-1.224289001,Asia
289,Japan,2009,-30.64211,-5.693217137,Asia
290,Japan,2010,1.930725,4.097896702,Asia
291,Japan,2011,-3.387018,0.023809524,Asia
292,Japan,2012,-2.037514,1.374750999,Asia
293,Japan,2013,-1.405419,2.005100177,Asia
294,Japan,2014,-1.165746,0.296186584,Asia
295,Japan,2015,-2.774223,1.560645866,Asia
296,Japan,2016,1.829631,0.75384533,Asia
297,Japan,2017,4.047373,1.675312997,Asia
298,Japan,2018,3.829404,0.643409165,Asia
299,Japan,2019,-2.165001,-0.402169128,Asia
300,"Korea, Republic of",2000,3.563427,9.060846,Asia
301,"Korea, Republic of",2001,-1.53461,4.8524,Asia
302,"Korea, Republic of",2002,6.494051,7.725143,Asia
303,"Korea, Republic of",2003,3.449352,3.147291,Asia
304,"Korea, Republic of",2004,13.5184,5.197391,Asia
305,"Korea, Republic of",2005,4.193301,4.308534,Asia
306,"Korea, Republic of",2006,3.741777,5.264336,Asia
307,"Korea, Republic of",2007,3.815104,5.799548,Asia
308,"Korea, Republic of",2008,3.722445,3.012985,Asia
309,"Korea, Republic of",2009,-13.3,0.792699,Asia
310,"Korea, Republic of",2010,5.006811,6.804825,Asia
311,"Korea, Republic of",2011,7.968465,3.685668,Asia
312,"Korea, Republic of",2012,3.103637,2.402531,Asia
313,"Korea, Republic of",2013,2.353368,3.164709,Asia
314,"Korea, Republic of",2014,0.3921725,3.202454,Asia
315,"Korea, Republic of",2015,-3.240746,2.809103,Asia
316,"Korea, Republic of",2016,-6.002839,2.946881715,Asia
317,"Korea, Republic of",2017,6.482627,3.15963574,Asia
318,"Korea, Republic of",2018,5.575975,2.907403774,Asia
319,"Korea, Republic of",2019,-9.592683,2.24397786,Asia
320,Luxembourg,2000,4.046891,6.93818398,Europe
321,Luxembourg,2001,20.39393,3.074351731,Europe
322,Luxembourg,2002,-0.3284201,3.225308382,Europe
323,Luxembourg,2003,13.5068,2.619252746,Europe
324,Luxembourg,2004,-0.3592634,4.230671561,Europe
325,Luxembourg,2005,-2.801685,2.482509463,Europe
326,Luxembourg,2006,2.714842,6.016611912,Europe
327,Luxembourg,2007,-1.240059,8.098544201,Europe
328,Luxembourg,2008,6.98463,-0.302277478,Europe
329,Luxembourg,2009,-6.894053,-3.23897525,Europe
330,Luxembourg,2010,-14.38147,3.760406697,Europe
331,Luxembourg,2011,7.39901,1.044286125,Europe
332,Luxembourg,2012,4.596987,1.649710829,Europe
333,Luxembourg,2013,-9.498388,3.171681729,Europe
334,Luxembourg,2014,-6.540319,2.623092229,Europe
335,Luxembourg,2015,-12.61819,2.268357789,Europe
336,Luxembourg,2016,-9.184941,4.977872821,Europe
337,Luxembourg,2017,8.339615,1.31711738,Europe
338,Luxembourg,2018,6.028679,1.218968599,Europe
339,Luxembourg,2019,21.69009,2.320513233,Europe
340,Mexico,2000,7.278489,4.942453694,North America
341,Mexico,2001,-5.165332,-0.404390111,North America
342,Mexico,2002,2.064109,-0.039844485,North America
343,Mexico,2003,2.667236,1.446382699,North America
344,Mexico,2004,4.149677,3.920590802,North America
345,Mexico,2005,2.692448,2.307807062,North America
346,Mexico,2006,5.635019,4.495077898,North America
347,Mexico,2007,0.2906136,2.291445728,North America
348,Mexico,2008,2.924202,1.143584563,North America
349,Mexico,2009,-15.19468,-5.285744124,North America
350,Mexico,2010,5.248274,5.118118146,North America
351,Mexico,2011,7.744301,3.663007896,North America
352,Mexico,2012,5.560706,3.642322696,North America
353,Mexico,2013,1.342923,1.354091965,North America
354,Mexico,2014,0.7007045,2.849773261,North America
355,Mexico,2015,-3.638931,3.293151519,North America
356,Mexico,2016,-3.160959,2.630532422,North America
357,Mexico,2017,1.68942,2.113129147,North America
358,Mexico,2018,3.004053,2.194994725,North America
359,Mexico,2019,0.2720003,-0.199047772,North America
360,Netherlands,2000,0.8267817,4.199320479,Europe
361,Netherlands,2001,4.055076,2.327949597,Europe
362,Netherlands,2002,-0.1897737,0.216832428,Europe
363,Netherlands,2003,10.42985,0.157370835,Europe
364,Netherlands,2004,6.184895,1.983026748,Europe
365,Netherlands,2005,5.049565,2.046850215,Europe
366,Netherlands,2006,5.180081,3.461742971,Europe
367,Netherlands,2007,3.253795,3.772020443,Europe
368,Netherlands,2008,6.968035,2.171887323,Europe
369,Netherlands,2009,-13.86941,-3.667206604,Europe
370,Netherlands,2010,0.7774308,1.3409776,Europe
371,Netherlands,2011,6.072315,1.549663218,Europe
372,Netherlands,2012,2.655831,-1.031171307,Europe
373,Netherlands,2013,2.088864,-0.126992858,Europe
374,Netherlands,2014,1.616864,1.424084034,Europe
375,Netherlands,2015,-9.499565,1.958275892,Europe
376,Netherlands,2016,-2.163161,2.191713719,Europe
377,Netherlands,2017,5.092028,2.910989684,Europe
378,Netherlands,2018,5.707378,2.360717729,Europe
379,Netherlands,2019,0.9365539,1.955694414,Europe
380,New Zealand,2000,4.799301,4.215830791,Oceania
381,New Zealand,2001,4.03332,2.511776006,Oceania
382,New Zealand,2002,2.802633,4.720771136,Oceania
383,New Zealand,2003,8.540733,4.412359509,Oceania
384,New Zealand,2004,13.06745,4.848630692,Oceania
385,New Zealand,2005,2.987011,3.219901589,Oceania
386,New Zealand,2006,-1.423501,2.807620762,Oceania
387,New Zealand,2007,5.20754,3.503228393,Oceania
388,New Zealand,2008,1.70023,-0.343511256,Oceania
389,New Zealand,2009,-13.69618,-1.134323778,Oceania
390,New Zealand,2010,8.315686,1.768080407,Oceania
391,New Zealand,2011,3.90441,1.799374794,Oceania
392,New Zealand,2012,0.6033136,2.491074772,Oceania
393,New Zealand,2013,3.123013,2.327246863,Oceania
394,New Zealand,2014,2.724617,3.75117239,Oceania
395,New Zealand,2015,-3.563355,3.690803965,Oceania
396,New Zealand,2016,1.432024,3.883821688,Oceania
397,New Zealand,2017,5.257097,3.460013036,Oceania
398,New Zealand,2018,-0.2207205,3.523826386,Oceania
399,New Zealand,2019,3.626819,3.074548861,Oceania
400,Norway,2000,5.833014,3.318917345,Europe
401,Norway,2001,-3.712413,2.06716977,Europe
402,Norway,2002,-5.562686,1.377540329,Europe
403,Norway,2003,5.279726,0.944896383,Europe
404,Norway,2004,3.516551,4.014633022,Europe
405,Norway,2005,8.374318,2.685101506,Europe
406,Norway,2006,8.736001,2.46148106,Europe
407,Norway,2007,0.5160449,2.9140316,Europe
408,Norway,2008,12.21943,0.481886575,Europe
409,Norway,2009,-13.05065,-1.940327065,Europe
410,Norway,2010,5.347044,0.787016041,Europe
411,Norway,2011,10.59416,1.105682602,Europe
412,Norway,2012,8.593598,2.717966407,Europe
413,Norway,2013,2.399966,1.016167144,Europe
414,Norway,2014,1.05326,2.048171443,Europe
415,Norway,2015,-16.32277,1.857298079,Europe
416,Norway,2016,-10.77731,1.164760816,Europe
417,Norway,2017,6.071942,2.463714528,Europe
418,Norway,2018,11.56165,0.828922793,Europe
419,Norway,2019,-6.087871,1.123743917,Europe
420,Poland,2000,6.265685,4.560918972,Europe
421,Poland,2001,10.80045,1.258492739,Europe
422,Poland,2002,4.377661,2.035825364,Europe
423,Poland,2003,5.210321,3.498419268,Europe
424,Poland,2004,11.66788,4.982799983,Europe
425,Poland,2005,5.578328,3.506743281,Europe
426,Poland,2006,5.670121,6.131103304,Europe
427,Poland,2007,2.544507,7.06149951,Europe
428,Poland,2008,10.32855,4.199960469,Europe
429,Poland,2009,-12.61347,2.832258512,Europe
430,Poland,2010,-1.20688,2.934708835,Europe
431,Poland,2011,6.137033,5.042126317,Europe
432,Poland,2012,0.4629402,1.54525434,Europe
433,Poland,2013,4.24156,0.856588253,Europe
434,Poland,2014,2.643574,3.83700902,Europe
435,Poland,2015,-6.87906,4.383287536,Europe
436,Poland,2016,-0.8249038,2.953526179,Europe
437,Poland,2017,3.549054,5.139996249,Europe
438,Poland,2018,6.608012,5.94518432,Europe
439,Poland,2019,2.566121,4.450004582,Europe
440,Portugal,2000,-1.048949,3.816177881,Europe
441,Portugal,2001,-0.430654,1.943672465,Europe
442,Portugal,2002,-0.9688615,0.770924127,Europe
443,Portugal,2003,11.63657,-0.930521132,Europe
444,Portugal,2004,6.102857,1.788735753,Europe
445,Portugal,2005,9.202973,0.781848115,Europe
446,Portugal,2006,2.235225,1.625033855,Europe
447,Portugal,2007,0.7669703,2.506579954,Europe
448,Portugal,2008,9.59042,0.319248061,Europe
449,Portugal,2009,-13.60927,-3.122079602,Europe
450,Portugal,2010,-2.834716,1.737625277,Europe
451,Portugal,2011,4.346225,-1.696164672,Europe
452,Portugal,2012,-1.656928,-4.057293844,Europe
453,Portugal,2013,7.189699,-0.922644299,Europe
454,Portugal,2014,-0.7125163,0.792189938,Europe
455,Portugal,2015,-10.99181,1.79204631,Europe
456,Portugal,2016,-2.148203,2.019486217,Europe
457,Portugal,2017,2.788375,3.506343821,Europe
458,Portugal,2018,4.546972,2.849326318,Europe
459,Portugal,2019,3.710505,2.682760808,Europe
460,Slovakia,2000,6.711709,1.166526518,Europe
461,Slovakia,2001,6.409868,3.253783981,Europe
462,Slovakia,2002,3.913489,4.509444138,Europe
463,Slovakia,2003,15.53645,5.499083077,Europe
464,Slovakia,2004,4.501932,5.278880718,Europe
465,Slovakia,2005,6.41482,6.623461259,Europe
466,Slovakia,2006,8.621611,8.493176745,Europe
467,Slovakia,2007,14.24138,10.832028813,Europe
468,Slovakia,2008,11.98986,5.574886345,Europe
469,Slovakia,2009,-14.24964,-5.455532867,Europe
470,Slovakia,2010,-3.302342,6.71663275,Europe
471,Slovakia,2011,4.020382,2.671452779,Europe
472,Slovakia,2012,-1.081749,1.318802246,Europe
473,Slovakia,2013,2.010624,0.632740007,Europe
474,Slovakia,2014,1.682495,2.697189807,Europe
475,Slovakia,2015,-6.435303,5.167181606,Europe
476,Slovakia,2016,-0.8945429,1.943950861,Europe
477,Slovakia,2017,-0.4600404,2.938068678,Europe
478,Slovakia,2018,4.067674,4.030389714,Europe
479,Slovakia,2019,2.047125,2.509723144,Europe
480,Spain,2000,3.126433,5.245823578,Europe
481,Spain,2001,1.940418,3.93312151,Europe
482,Spain,2002,-0.6519575,2.730838401,Europe
483,Spain,2003,9.50165,2.981939507,Europe
484,Spain,2004,7.288539,3.122840669,Europe
485,Spain,2005,-0.927164,3.651983431,Europe
486,Spain,2006,2.940075,4.102884151,Europe
487,Spain,2007,2.874662,3.604641716,Europe
488,Spain,2008,7.334848,0.886976915,Europe
489,Spain,2009,-9.473535,-3.763021066,Europe
490,Spain,2010,-2.4568,0.162919518,Europe
491,Spain,2011,7.078001,-0.814384777,Europe
492,Spain,2012,-2.150126,-2.958828691,Europe
493,Spain,2013,3.045868,-1.403436807,Europe
494,Spain,2014,3.620353,1.395775367,Europe
495,Spain,2015,-6.724257,3.83842256,Europe
496,Spain,2016,1.392039,3.037869716,Europe
497,Spain,2017,3.164603,2.975670707,Europe
498,Spain,2018,3.154433,2.284558837,Europe
499,Spain,2019,-0.951915,1.983880755,Europe
500,Sweden,2000,-1.295675,4.766348507,Europe
501,Sweden,2001,-2.458425,1.449489341,Europe
502,Sweden,2002,4.262392,2.196926825,Europe
503,Sweden,2003,9.617639,2.309836127,Europe
504,Sweden,2004,5.674452,4.336842062,Europe
505,Sweden,2005,0.3748077,2.858802687,Europe
506,Sweden,2006,7.50532,4.662776179,Europe
507,Sweden,2007,-0.7037275,3.439215589,Europe
508,Sweden,2008,7.55686,-0.45055463,Europe
509,Sweden,2009,-16.12177,-4.339792087,Europe
510,Sweden,2010,1.935921,5.952121123,Europe
511,Sweden,2011,5.458257,3.195336735,Europe
512,Sweden,2012,-1.163628,-0.588291345,Europe
513,Sweden,2013,3.697749,1.18775601,Europe
514,Sweden,2014,2.30338,2.657794179,Europe
515,Sweden,2015,-8.453694,4.489286523,Europe
516,Sweden,2016,-2.167592,2.070598446,Europe
517,Sweden,2017,0.9024705,2.567938441,Europe
518,Sweden,2018,4.798579,1.950023899,Europe
519,Sweden,2019,0.08155131,1.986202443,Europe
520,Switzerland,2000,-5.628059,3.958719851,Europe
521,Switzerland,2001,7.451064,1.575661985,Europe
522,Switzerland,2002,5.142068,-0.073217203,Europe
523,Switzerland,2003,6.67278,-0.03239846,Europe
524,Switzerland,2004,6.942042,2.701709179,Europe
525,Switzerland,2005,2.64902,2.749699106,Europe
526,Switzerland,2006,4.796081,4.073628484,Europe
527,Switzerland,2007,2.736972,3.916375652,Europe
528,Switzerland,2008,9.830664,2.807983703,Europe
529,Switzerland,2009,-5.301129,-2.297374595,Europe
530,Switzerland,2010,0.1077435,3.243397242,Europe
531,Switzerland,2011,5.989519,1.813108293,Europe
532,Switzerland,2012,-1.355248,1.179253729,Europe
533,Switzerland,2013,0.9418372,1.792144134,Europe
534,Switzerland,2014,3.95368,2.349881292,Europe
535,Switzerland,2015,-2.455981,1.64462762,Europe
536,Switzerland,2016,-1.382031,2.068689677,Europe
537,Switzerland,2017,2.592641,1.362799646,Europe
538,Switzerland,2018,5.408305,2.860445751,Europe
539,Switzerland,2019,0.6159571,1.141982248,Europe
540,Turkey,2000,2.224796,6.93323972,Asia
541,Turkey,2001,6.947965,-5.750006555,Asia
542,Turkey,2002,3.28687,6.447722047,Asia
543,Turkey,2003,8.862026,5.763206067,Asia
544,Turkey,2004,7.767671,9.795936376,Asia
545,Turkey,2005,4.792985,8.992304949,Asia
546,Turkey,2006,3.104924,6.947988086,Asia
547,Turkey,2007,3.986717,5.043507932,Asia
548,Turkey,2008,11.99015,0.815024573,Asia
549,Turkey,2009,-4.428394,-4.823153953,Asia
550,Turkey,2010,-2.985585,8.427104333,Asia
551,Turkey,2011,4.908397,11.200110564,Asia
552,Turkey,2012,6.694744,4.788492728,Asia
553,Turkey,2013,6.300529,8.485816996,Asia
554,Turkey,2014,4.780653,4.939715154,Asia
555,Turkey,2015,0.01574096,6.084486904,Asia
556,Turkey,2016,2.313105,3.323084202,Asia
557,Turkey,2017,5.249687,7.501997496,Asia
558,Turkey,2018,4.226254,2.979885258,Asia
559,Turkey,2019,1.341052,0.783610204,Asia
560,United Kingdom,2000,2.006282,4.092653474,Europe
561,United Kingdom,2001,2.228135,2.157428168,Europe
562,United Kingdom,2002,0.2670269,1.770765291,Europe
563,United Kingdom,2003,5.189332,3.123053337,Europe
564,United Kingdom,2004,5.553982,2.344971459,Europe
565,United Kingdom,2005,0.3299049,2.668337668,Europe
566,United Kingdom,2006,12.44074,2.160405278,Europe
567,United Kingdom,2007,-0.07873169,2.563460517,Europe
568,United Kingdom,2008,1.977936,-0.154344364,Europe
569,United Kingdom,2009,-13.32438,-4.510485573,Europe
570,United Kingdom,2010,-1.212736,2.430072889,Europe
571,United Kingdom,2011,7.756052,1.067610916,Europe
572,United Kingdom,2012,-0.7100726,1.448456743,Europe
573,United Kingdom,2013,-0.6054226,1.819863367,Europe
574,United Kingdom,2014,1.779466,3.199702638,Europe
575,United Kingdom,2015,-7.032862,2.393103192,Europe
576,United Kingdom,2016,-3.617122,2.165206236,Europe
577,United Kingdom,2017,3.246267,2.44357044,Europe
578,United Kingdom,2018,5.818637,1.705021022,Europe
579,United Kingdom,2019,5.070877,1.60430866,Europe
580,United States,2000,2.919257,4.077157027,North America
581,United States,2001,-1.514407,0.954341708,North America
582,United States,2002,-1.287647,1.695943059,North America
583,United States,2003,1.336443,2.796206017,North America
584,United States,2004,3.157759,3.852554963,North America
585,United States,2005,2.694602,3.483219368,North America
586,United States,2006,4.961335,2.782811652,North America
587,United States,2007,1.807598,2.010507907,North America
588,United States,2008,5.30763,0.122188025,North America
589,United States,2009,-13.75401,-2.59988965,North America
590,United States,2010,4.736635,2.70885827,North America
591,United States,2011,3.905752,1.549895453,North America
592,United States,2012,0.9217778,2.280686056,North America
593,United States,2013,0.7545589,1.841873093,North America
594,United States,2014,-0.8851576,2.287780463,North America
595,United States,2015,-5.869784,2.70636723,North America
596,United States,2016,-2.988068,1.667473127,North America
597,United States,2017,2.799601,2.241920887,North America
598,United States,2018,2.270477,2.945383718,North America
599,United States,2019,-0.2217044,2.294439275,North America
600,Brazil,2000,3.329629,4.38794943,South America
601,Brazil,2001,12.98508,1.389896397,South America
602,Brazil,2002,-1.069332,3.053461875,South America
603,Brazil,2003,3.218812,1.140828991,South America
604,Brazil,2004,7.400467,5.759964641,South America
605,Brazil,2005,12.74452,3.20213525,South America
606,Brazil,2006,4.919238,3.961988691,South America
607,Brazil,2007,4.831424,6.069870598,South America
608,Brazil,2008,-0.1367385,5.094195465,South America
609,Brazil,2009,-22.25219,-0.125811998,South America
610,Brazil,2010,9.761456,7.528225826,South America
611,Brazil,2011,4.218961,3.974423071,South America
612,Brazil,2012,-7.543752,1.921175986,South America
613,Brazil,2013,-5.779971,3.004822667,South America
614,Brazil,2014,-4.824695,0.503955748,South America
615,Brazil,2015,-6.126491,-3.5457634,South America
616,Brazil,2016,-3.116632,-3.275916902,South America
617,Brazil,2017,25.47019,1.32286906,South America
618,Brazil,2018,9.6069,1.783666749,South America
619,Brazil,2019,-7.713704,1.22077783,South America
620,Chile,2000,5.140515,4.971621488,South America
621,Chile,2001,-2.281789,3.154034925,South America
622,Chile,2002,0.8684185,3.202799135,South America
623,Chile,2003,5.498965,4.723245269,South America
624,Chile,2004,21.50501,6.674254168,South America
625,Chile,2005,0.1007598,5.837045719,South America
626,Chile,2006,9.285847,6.049990826,South America
627,Chile,2007,10.55145,5.168230985,South America
628,Chile,2008,9.304522,3.789392806,South America
629,Chile,2009,-4.22341,-1.118037236,South America
630,Chile,2010,-9.073963,5.851651022,South America
631,Chile,2011,-1.605646,6.223896785,South America
632,Chile,2012,-3.942154,6.155340019,South America
633,Chile,2013,-10.44611,3.308508247,South America
634,Chile,2014,-0.4042032,1.792649471,South America
635,Chile,2015,-5.836081,2.1519425,South America
636,Chile,2016,4.694848,1.753038749,South America
637,Chile,2017,-3.552163,1.357695373,South America
638,Chile,2018,1.301767,3.990029478,South America
639,Chile,2019,-1.62085,0.743130031,South America
640,China,2000,10.65527,8.5,Asia
641,China,2001,6.849657,8.3,Asia
642,China,2002,8.926761,9.1,Asia
643,China,2003,10.94932,10.0,Asia
644,China,2004,5.356122,10.1,Asia
645,China,2005,5.506638,11.4,Asia
646,China,2006,8.19152,12.7,Asia
647,China,2007,9.008862,14.2,Asia
648,China,2008,8.269169,9.7,Asia
649,China,2009,-15.9687,9.4,Asia
650,China,2010,9.097525,10.6,Asia
651,China,2011,7.916884,9.6,Asia
652,China,2012,1.472175,7.9,Asia
653,China,2013,11.94401,7.8,Asia
654,China,2014,1.136997,7.4,Asia
655,China,2015,3.247689,7.0,Asia
656,China,2016,-6.753983,6.8,Asia
657,China,2017,3.919339,6.9,Asia
658,China,2018,8.892307,6.7,Asia
659,China,2019,2.185181,6.0,Asia
660,Colombia,2006,3.248373,6.716868698,South America
661,Colombia,2007,-1.645077,6.738194691,South America
662,Colombia,2008,5.39831,3.283446186,South America
663,Colombia,2009,-3.57279,1.139648645,South America
664,Colombia,2010,7.987241,4.494658971,South America
665,Colombia,2011,22.82521,6.947891982,South America
666,Colombia,2012,6.588865,3.912635767,South America
667,Colombia,2013,0.6613377,5.13399352,South America
668,Colombia,2014,-5.006069,4.499030001,South America
669,Colombia,2015,-15.08899,2.955901375,South America
670,Colombia,2016,-8.976734,2.087382502,South America
671,Colombia,2017,1.33835,1.359360868,South America
672,Colombia,2018,-0.5413631,2.564324283,South America
673,Colombia,2019,-3.777496,3.186855392,South America
674,Costa Rica,2000,-6.85185,3.868718088,North America
675,Costa Rica,2001,-5.868363,3.491169891,North America
676,Costa Rica,2002,-0.89059,3.416876397,North America
677,Costa Rica,2003,8.640233,4.317179861,North America
678,Costa Rica,2004,4.901874,4.424599595,North America
679,Costa Rica,2005,-0.2223779,3.976666375,North America
680,Costa Rica,2006,3.827443,7.32669543,North America
681,Costa Rica,2007,1.796124,8.215131974,North America
682,Costa Rica,2008,-3.755828,4.738174879,North America
683,Costa Rica,2009,-10.50683,-0.873455937,North America
684,Costa Rica,2010,-8.709148,5.360343527,North America
685,Costa Rica,2011,2.358688,4.403159235,North America
686,Costa Rica,2012,5.889266,4.882592414,North America
687,Costa Rica,2013,2.728743,2.494766107,North America
688,Costa Rica,2014,-3.203631,3.542109879,North America
689,Costa Rica,2015,-10.19089,3.652080971,North America
690,Costa Rica,2016,8.239492,4.204323251,North America
691,Costa Rica,2017,-3.669167,4.157698959,North America
692,Costa Rica,2018,-0.5978455,2.615904409,North America
693,Costa Rica,2019,-1.286942,2.417511817,North America
694,Estonia,2000,17.93918,10.087636986,Europe
695,Estonia,2001,10.70022,6.00367406,Europe
696,Estonia,2002,-3.539531,6.771366974,Europe
697,Estonia,2003,2.30047,7.600265729,Europe
698,Estonia,2004,6.168872,6.804003009,Europe
699,Estonia,2005,13.16072,9.526428986,Europe
700,Estonia,2006,12.02373,9.765582251,Europe
701,Estonia,2007,3.168308,7.579142637,Europe
702,Estonia,2008,6.472757,-5.131999487,Europe
703,Estonia,2009,-21.38853,-14.629059663,Europe
704,Estonia,2010,5.23985,2.44426636,Europe
705,Estonia,2011,11.43504,7.263085848,Europe
706,Estonia,2012,1.891833,3.228202109,Europe
707,Estonia,2013,8.048645,1.458430169,Europe
708,Estonia,2014,0.8232675,3.01136295,Europe
709,Estonia,2015,-13.68888,1.853019077,Europe
710,Estonia,2016,2.314486,3.155566814,Europe
711,Estonia,2017,4.073241,5.792042325,Europe
712,Estonia,2018,8.800397,3.784204487,Europe
713,Estonia,2019,-1.761087,3.73970535,Europe
714,India,2000,0.04605296,5.692716,Asia
715,India,2001,-2.23285,3.884911,Asia
716,India,2002,5.369459,4.558208,Asia
717,India,2003,4.112474,6.851801,Asia
718,India,2004,6.467851,7.897005,Asia
719,India,2005,17.06342,9.210891,Asia
720,India,2006,9.409777,9.392647,Asia
721,India,2007,3.683202,10.077711,Asia
722,India,2008,4.108815,6.186894,Asia
723,India,2009,-7.516918,5.037699,Asia
724,India,2010,4.688722,10.997342,Asia
725,India,2011,10.12614,7.871777,Asia
726,India,2012,1.954356,4.92565,Asia
727,India,2013,7.686152,6.125915,Asia
728,India,2014,0.02539917,6.96291,Asia
729,India,2015,-14.97865,7.480051,Asia
730,India,2016,-4.128924,9.002096,Asia
731,India,2017,4.814777,6.09917,Asia
732,India,2018,-1.981821,7.27671,Asia
733,India,2019,0.544611,4.59265,Asia
734,Indonesia,2000,12.37267,4.920041,Asia
735,Indonesia,2001,-0.7704325,3.643466,Asia
736,Indonesia,2002,9.249691,4.499475,Asia
737,Indonesia,2003,11.3868,4.780369,Asia
738,Indonesia,2004,5.957029,5.030874,Asia
739,Indonesia,2005,5.71643,5.692571,Asia
740,Indonesia,2006,4.423119,5.500952,Asia
741,Indonesia,2007,-0.05436462,6.345022,Asia
742,Indonesia,2008,16.1549,6.013703,Asia
743,Indonesia,2009,-16.08228,4.701769,Asia
744,Indonesia,2010,4.734169,6.377626,Asia
745,Indonesia,2011,3.535941,6.169784,Asia
746,Indonesia,2012,0.6238595,6.030051,Asia
747,Indonesia,2013,3.110262,5.557264,Asia
748,Indonesia,2014,-2.780807,5.006668,Asia
749,Indonesia,2015,-4.210067,4.876322,Asia
750,Indonesia,2016,1.697169,5.033069,Asia
751,Indonesia,2017,7.277627,5.069786,Asia
752,Indonesia,2018,2.740988,5.17429154,Asia
753,Indonesia,2019,-2.651829,5.01928768,Asia
754,Israel,2000,4.695148,8.771587246,Asia
755,Israel,2001,-8.163903,0.112946312,Asia
756,Israel,2002,2.171349,-0.076636179,Asia
757,Israel,2003,5.361799,1.285691852,Asia
758,Israel,2004,11.29499,4.743227545,Asia
759,Israel,2005,6.084083,4.402231697,Asia
760,Israel,2006,7.999177,5.396662477,Asia
761,Israel,2007,2.734562,6.067212668,Asia
762,Israel,2008,5.151788,3.289330749,Asia
763,Israel,2009,-11.83306,0.752135441,Asia
764,Israel,2010,-0.383049,5.662519512,Asia
765,Israel,2011,8.82356,5.673287762,Asia
766,Israel,2012,-2.631767,2.589792628,Asia
767,Israel,2013,6.002124,4.491678894,Asia
768,Israel,2014,0.6128431,4.171771702,Asia
769,Israel,2015,0.2305541,2.214306458,Asia
770,Israel,2016,-3.46423,4.521665298,Asia
771,Israel,2017,2.40697,4.368317476,Asia
772,Israel,2018,3.250356,4.177550625,Asia
773,Israel,2019,5.702785,4.123368087,Asia
774,Latvia,2000,10.6412,5.67573353,Europe
775,Latvia,2001,3.115685,6.323522095,Europe
776,Latvia,2002,3.904558,7.088121174,Europe
777,Latvia,2003,2.439069,8.422861691,Europe
778,Latvia,2004,10.64871,8.284139866,Europe
779,Latvia,2005,7.186945,10.720365957,Europe
780,Latvia,2006,-0.9111467,11.971835694,Europe
781,Latvia,2007,9.120768,9.941921628,Europe
782,Latvia,2008,12.29967,-3.249120723,Europe
783,Latvia,2009,-13.43277,-14.260140038,Europe
784,Latvia,2010,-3.305104,-4.455558039,Europe
785,Latvia,2011,10.36405,2.57370729,Europe
786,Latvia,2012,-3.816453,7.042242125,Europe
787,Latvia,2013,-2.351204,2.007975668,Europe
788,Latvia,2014,1.791296,1.902163904,Europe
789,Latvia,2015,-11.27502,3.885260054,Europe
790,Latvia,2016,-3.22523,2.368618816,Europe
791,Latvia,2017,1.684608,3.312475804,Europe
792,Latvia,2018,7.243608,3.991850503,Europe
793,Latvia,2019,0.9867316,2.569700187,Europe
794,Lithuania,2000,33.93095,3.695525582,Europe
795,Lithuania,2001,6.062021,6.526105088,Europe
796,Lithuania,2002,2.670383,6.751418554,Europe
797,Lithuania,2003,14.85237,10.565953697,Europe
798,Lithuania,2004,7.499226,6.569493014,Europe
799,Lithuania,2005,-0.07594369,7.73236767,Europe
800,Lithuania,2006,0.8525421,7.41411874,Europe
801,Lithuania,2007,7.659924,11.107482389,Europe
802,Lithuania,2008,26.78657,2.614423396,Europe
803,Lithuania,2009,-17.35626,-14.838610711,Europe
804,Lithuania,2010,-2.793477,1.651240678,Europe
805,Lithuania,2011,8.514627,6.039010452,Europe
806,Lithuania,2012,2.290307,3.843864464,Europe
807,Lithuania,2013,3.388557,3.550071205,Europe
808,Lithuania,2014,-4.848068,3.537012092,Europe
809,Lithuania,2015,-19.60305,2.024583697,Europe
810,Lithuania,2016,-2.52278,2.518826498,Europe
811,Lithuania,2017,8.642012,4.282598332,Europe
812,Lithuania,2018,4.948572,3.99331028,Europe
813,Lithuania,2019,2.733566,4.625101783,Europe
814,Russian Federation,2004,12.73018,7.175949193,Europe
815,Russian Federation,2005,5.913659,6.376187027,Europe
816,Russian Federation,2006,9.613027,8.153431973,Europe
817,Russian Federation,2007,4.006799,8.535080209,Europe
818,Russian Federation,2008,16.15881,5.247953532,Europe
819,Russian Federation,2009,-31.28822,-7.820885026,Europe
820,Russian Federation,2010,10.13432,4.503725625,Europe
821,Russian Federation,2011,14.75085,4.264176565,Europe
822,Russian Federation,2012,4.511515,4.024086315,Europe
823,Russian Federation,2013,1.775125,1.755422064,Europe
824,Russian Federation,2014,0.8135222,0.736267283,Europe
825,Russian Federation,2015,-10.90647,-1.972719253,Europe
826,Russian Federation,2016,-14.35006,0.193671101,Europe
827,Russian Federation,2017,12.66804,1.825809276,Europe
828,Russian Federation,2018,11.54257,2.807245455,Europe
829,Russian Federation,2019,-4.391726,2.032982588,Europe
830,Saudi Arabia,2011,13.84727,10.993761629,Asia
831,Saudi Arabia,2012,5.224284,5.427394269,Asia
832,Saudi Arabia,2013,-4.643751,2.850342993,Asia
833,Saudi Arabia,2014,-3.931994,4.027651216,Asia
834,Saudi Arabia,2015,-20.98719,4.690145073,Asia
835,Saudi Arabia,2016,-13.78055,2.36307458,Asia
836,Saudi Arabia,2017,5.350249,-0.069698018,Asia
837,Saudi Arabia,2018,2.408578,2.762243736,Asia
838,Saudi Arabia,2019,-14.14923,0.832280327,Asia
839,Slovenia,2000,-2.861717,3.672369267,Europe
840,Slovenia,2001,6.663217,3.216560703,Europe
841,Slovenia,2002,1.935002,3.505599548,Europe
842,Slovenia,2003,5.507564,2.960260183,Europe
843,Slovenia,2004,7.533235,4.359193075,Europe
844,Slovenia,2005,4.542169,3.797970381,Europe
845,Slovenia,2006,5.462903,5.746397195,Europe
846,Slovenia,2007,7.765541,6.980162313,Europe
847,Slovenia,2008,8.566976,3.509841297,Europe
848,Slovenia,2009,-12.72281,-7.548438755,Europe
849,Slovenia,2010,-1.936202,1.343748487,Europe
850,Slovenia,2011,4.985989,0.861329109,Europe
851,Slovenia,2012,-3.859403,-2.639438709,Europe
852,Slovenia,2013,1.97677,-1.029284045,Europe
853,Slovenia,2014,1.078808,2.768158112,Europe
854,Slovenia,2015,-9.300736,2.210081716,Europe
855,Slovenia,2016,2.362389,3.191853641,Europe
856,Slovenia,2017,4.303879,4.815379181,Europe
857,Slovenia,2018,5.9999,4.454365734,Europe
858,Slovenia,2019,0.823753,3.451080729,Europe
859,South Africa,2000,5.14623,4.200000006,Africa
860,South Africa,2001,-0.8305241,2.699999994,Africa
861,South Africa,2002,8.185339,3.700374406,Africa
862,South Africa,2003,9.312357,2.949075464,Africa
863,South Africa,2004,8.075176,4.55455991,Africa
864,South Africa,2005,-1.095631,5.277051973,Africa
865,South Africa,2006,2.176855,5.603806115,Africa
866,South Africa,2007,1.770033,5.360473792,Africa
867,South Africa,2008,0.3545933,3.191044627,Africa
868,South Africa,2009,-16.0165,-1.538088961,Africa
869,South Africa,2010,17.15592,3.03973231,Africa
870,South Africa,2011,3.141403,3.168556279,Africa
871,South Africa,2012,-0.3555317,2.396232387,Africa
872,South Africa,2013,4.980215,2.485468003,Africa
873,South Africa,2014,0.1198082,1.413826459,Africa
874,South Africa,2015,-5.883626,1.321862223,Africa
875,South Africa,2016,-6.704649,0.664552337,Africa
876,South Africa,2017,7.676466,1.157946943,Africa
877,South Africa,2018,3.052451,1.556783834,Africa
878,South Africa,2019,-4.209232,0.259935588,Africa
