,Date,month,yield,maturity
4665,2004,1 Mo,0.0206,1
9559,2004,2 Mo,0.0222,2
14453,2004,3 Mo,0.0222,3
19347,2004,4 Mo,0.024,4
24241,2004,6 Mo,0.024,6
29135,2004,1 Yr,0.026000000000000002,12
34029,2004,2 Yr,0.0301,24
38923,2004,3 Yr,0.032799999999999996,36
43817,2004,5 Yr,0.037200000000000004,60
48711,2004,7 Yr,0.0408,84
53605,2004,10 Yr,0.0438,120
58499,2004,20 Yr,0.0504,240
63393,2004,30 Yr,0.0504,360
4664,2004,1 Mo,0.0206,1
9558,2004,2 Mo,0.0222,2
14452,2004,3 Mo,0.0222,3
19346,2004,4 Mo,0.0241,4
24240,2004,6 Mo,0.0241,6
29134,2004,1 Yr,0.0262,12
34028,2004,2 Yr,0.0304,24
38922,2004,3 Yr,0.033,36
43816,2004,5 Yr,0.0375,60
48710,2004,7 Yr,0.040999999999999995,84
53604,2004,10 Yr,0.044000000000000004,120
58498,2004,20 Yr,0.0507,240
63392,2004,30 Yr,0.0507,360
4663,2004,1 Mo,0.0206,1
9557,2004,2 Mo,0.022099999999999998,2
14451,2004,3 Mo,0.022099999999999998,3
19345,2004,4 Mo,0.0239,4
24239,2004,6 Mo,0.0239,6
29133,2004,1 Yr,0.0258,12
34027,2004,2 Yr,0.0294,24
38921,2004,3 Yr,0.0319,36
43815,2004,5 Yr,0.0361,60
48709,2004,7 Yr,0.039599999999999996,84
53603,2004,10 Yr,0.042699999999999995,120
58497,2004,20 Yr,0.0495,240
63391,2004,30 Yr,0.0495,360
4682,2004,1 Mo,0.018500000000000003,1
9576,2004,2 Mo,0.019799999999999998,2
14470,2004,3 Mo,0.019799999999999998,3
19364,2004,4 Mo,0.0219,4
24258,2004,6 Mo,0.0219,6
29152,2004,1 Yr,0.023399999999999997,12
34046,2004,2 Yr,0.0263,24
38940,2004,3 Yr,0.028900000000000002,36
43834,2004,5 Yr,0.0337,60
48728,2004,7 Yr,0.037599999999999995,84
53622,2004,10 Yr,0.040999999999999995,120
58516,2004,20 Yr,0.0482,240
63410,2004,30 Yr,0.0482,360
4681,2004,1 Mo,0.018600000000000002,1
9575,2004,2 Mo,0.0203,2
14469,2004,3 Mo,0.0203,3
19363,2004,4 Mo,0.0227,4
24257,2004,6 Mo,0.0227,6
29151,2004,1 Yr,0.024399999999999998,12
34045,2004,2 Yr,0.027999999999999997,24
38939,2004,3 Yr,0.0304,36
43833,2004,5 Yr,0.0351,60
48727,2004,7 Yr,0.0388,84
53621,2004,10 Yr,0.0421,120
58515,2004,20 Yr,0.0492,240
63409,2004,30 Yr,0.0492,360
4662,2004,1 Mo,0.0209,1
9556,2004,2 Mo,0.0225,2
14450,2004,3 Mo,0.0225,3
19344,2004,4 Mo,0.024399999999999998,4
24238,2004,6 Mo,0.024399999999999998,6
29132,2004,1 Yr,0.026000000000000002,12
34026,2004,2 Yr,0.029300000000000003,24
38920,2004,3 Yr,0.0317,36
43814,2004,5 Yr,0.0359,60
48708,2004,7 Yr,0.0394,84
53602,2004,10 Yr,0.0424,120
58496,2004,20 Yr,0.0492,240
63390,2004,30 Yr,0.0492,360
4661,2004,1 Mo,0.0208,1
9555,2004,2 Mo,0.0225,2
14449,2004,3 Mo,0.0225,3
19343,2004,4 Mo,0.024300000000000002,4
24237,2004,6 Mo,0.024300000000000002,6
29131,2004,1 Yr,0.026000000000000002,12
34025,2004,2 Yr,0.029500000000000002,24
38919,2004,3 Yr,0.0319,36
43813,2004,5 Yr,0.036000000000000004,60
48707,2004,7 Yr,0.0394,84
53601,2004,10 Yr,0.042300000000000004,120
58495,2004,20 Yr,0.049100000000000005,240
63389,2004,30 Yr,0.049100000000000005,360
4660,2004,1 Mo,0.0208,1
9554,2004,2 Mo,0.022400000000000003,2
14448,2004,3 Mo,0.022400000000000003,3
19342,2004,4 Mo,0.0242,4
24236,2004,6 Mo,0.0242,6
29130,2004,1 Yr,0.0259,12
34024,2004,2 Yr,0.0291,24
38918,2004,3 Yr,0.031200000000000002,36
43812,2004,5 Yr,0.0353,60
48706,2004,7 Yr,0.0385,84
53600,2004,10 Yr,0.0414,120
58494,2004,20 Yr,0.048,240
63388,2004,30 Yr,0.048,360
4659,2004,1 Mo,0.0207,1
9553,2004,2 Mo,0.022400000000000003,2
14447,2004,3 Mo,0.022400000000000003,3
19341,2004,4 Mo,0.0242,4
24235,2004,6 Mo,0.0242,6
29129,2004,1 Yr,0.0259,12
34023,2004,2 Yr,0.029300000000000003,24
38917,2004,3 Yr,0.0315,36
43811,2004,5 Yr,0.0354,60
48705,2004,7 Yr,0.0387,84
53599,2004,10 Yr,0.04190000000000001,120
58493,2004,20 Yr,0.0484,240
63387,2004,30 Yr,0.0484,360
4414,2005,1 Mo,0.039900000000000005,1
9308,2005,2 Mo,0.0397,2
14202,2005,3 Mo,0.0397,3
19096,2005,4 Mo,0.0432,4
23990,2005,6 Mo,0.0432,6
28884,2005,1 Yr,0.0436,12
33778,2005,2 Yr,0.044500000000000005,24
38672,2005,3 Yr,0.0444,36
43566,2005,5 Yr,0.044500000000000005,60
48460,2005,7 Yr,0.0447,84
53354,2005,10 Yr,0.0452,120
58248,2005,20 Yr,0.0483,240
63142,2005,30 Yr,0.0483,360
4413,2005,1 Mo,0.04,1
9307,2005,2 Mo,0.039900000000000005,2
14201,2005,3 Mo,0.039900000000000005,3
19095,2005,4 Mo,0.0431,4
23989,2005,6 Mo,0.0431,6
28883,2005,1 Yr,0.0435,12
33777,2005,2 Yr,0.0443,24
38671,2005,3 Yr,0.0443,36
43565,2005,5 Yr,0.044500000000000005,60
48459,2005,7 Yr,0.044800000000000006,84
53353,2005,10 Yr,0.0452,120
58247,2005,20 Yr,0.0481,240
63141,2005,30 Yr,0.0481,360
4432,2005,1 Mo,0.0381,1
9326,2005,2 Mo,0.0394,2
14220,2005,3 Mo,0.0394,3
19114,2005,4 Mo,0.042699999999999995,4
24008,2005,6 Mo,0.042699999999999995,6
28902,2005,1 Yr,0.0433,12
33796,2005,2 Yr,0.0447,24
38690,2005,3 Yr,0.045,36
43584,2005,5 Yr,0.0455,60
48478,2005,7 Yr,0.045899999999999996,84
53372,2005,10 Yr,0.04650000000000001,120
58266,2005,20 Yr,0.049400000000000006,240
63160,2005,30 Yr,0.049400000000000006,360
4431,2005,1 Mo,0.038,1
9325,2005,2 Mo,0.0398,2
14219,2005,3 Mo,0.0398,3
19113,2005,4 Mo,0.042699999999999995,4
24007,2005,6 Mo,0.042699999999999995,6
28901,2005,1 Yr,0.0434,12
33795,2005,2 Yr,0.0447,24
38689,2005,3 Yr,0.045,36
43583,2005,5 Yr,0.045599999999999995,60
48477,2005,7 Yr,0.046,84
53371,2005,10 Yr,0.0466,120
58265,2005,20 Yr,0.0495,240
63159,2005,30 Yr,0.0495,360
4412,2005,1 Mo,0.0401,1
9306,2005,2 Mo,0.0404,2
14200,2005,3 Mo,0.0404,3
19094,2005,4 Mo,0.0435,4
23988,2005,6 Mo,0.0435,6
28882,2005,1 Yr,0.043899999999999995,12
33776,2005,2 Yr,0.0447,24
38670,2005,3 Yr,0.044800000000000006,36
43564,2005,5 Yr,0.045,60
48458,2005,7 Yr,0.0453,84
53352,2005,10 Yr,0.045700000000000005,120
58246,2005,20 Yr,0.048499999999999995,240
63140,2005,30 Yr,0.048499999999999995,360
4411,2005,1 Mo,0.0384,1
9305,2005,2 Mo,0.0404,2
14199,2005,3 Mo,0.0404,3
19093,2005,4 Mo,0.0433,4
23987,2005,6 Mo,0.0433,6
28881,2005,1 Yr,0.0436,12
33775,2005,2 Yr,0.044199999999999996,24
38669,2005,3 Yr,0.0441,36
43563,2005,5 Yr,0.044199999999999996,60
48457,2005,7 Yr,0.0444,84
53351,2005,10 Yr,0.0449,120
58245,2005,20 Yr,0.0479,240
63139,2005,30 Yr,0.0479,360
4410,2005,1 Mo,0.0384,1
9304,2005,2 Mo,0.0403,2
14198,2005,3 Mo,0.0403,3
19092,2005,4 Mo,0.0432,4
23986,2005,6 Mo,0.0432,6
28880,2005,1 Yr,0.0435,12
33774,2005,2 Yr,0.044199999999999996,24
38668,2005,3 Yr,0.044199999999999996,36
43562,2005,5 Yr,0.0443,60
48456,2005,7 Yr,0.0446,84
53350,2005,10 Yr,0.0452,120
58244,2005,20 Yr,0.048,240
63138,2005,30 Yr,0.048,360
4409,2005,1 Mo,0.036699999999999997,1
9303,2005,2 Mo,0.0394,2
14197,2005,3 Mo,0.0394,3
19091,2005,4 Mo,0.042699999999999995,4
23985,2005,6 Mo,0.042699999999999995,6
28879,2005,1 Yr,0.043,12
33773,2005,2 Yr,0.0437,24
38667,2005,3 Yr,0.0436,36
43561,2005,5 Yr,0.0436,60
48455,2005,7 Yr,0.043899999999999995,84
53349,2005,10 Yr,0.0447,120
58243,2005,20 Yr,0.0475,240
63137,2005,30 Yr,0.0475,360
4408,2005,1 Mo,0.0362,1
9302,2005,2 Mo,0.0394,2
14196,2005,3 Mo,0.0394,3
19090,2005,4 Mo,0.042699999999999995,4
23984,2005,6 Mo,0.042699999999999995,6
28878,2005,1 Yr,0.0433,12
33772,2005,2 Yr,0.0443,24
38666,2005,3 Yr,0.0443,36
43560,2005,5 Yr,0.0444,60
48454,2005,7 Yr,0.0447,84
53348,2005,10 Yr,0.0454,120
58242,2005,20 Yr,0.0483,240
63136,2005,30 Yr,0.0483,360
4163,2006,1 Mo,0.0521,1
9057,2006,2 Mo,0.050300000000000004,2
13951,2006,3 Mo,0.050300000000000004,3
18845,2006,4 Mo,0.050499999999999996,4
23739,2006,6 Mo,0.050499999999999996,6
28633,2006,1 Yr,0.0487,12
33527,2006,2 Yr,0.0452,24
38421,2006,3 Yr,0.0443,36
43315,2006,5 Yr,0.043899999999999995,60
48209,2006,7 Yr,0.043899999999999995,84
53103,2006,10 Yr,0.0443,120
57997,2006,20 Yr,0.0464,240
62891,2006,30 Yr,0.0454,360
4183,2006,1 Mo,0.0518,1
9077,2006,2 Mo,0.0507,2
13971,2006,3 Mo,0.0507,3
18865,2006,4 Mo,0.0513,4
23759,2006,6 Mo,0.0513,6
28653,2006,1 Yr,0.049699999999999994,12
33547,2006,2 Yr,0.0467,24
38441,2006,3 Yr,0.046,36
43335,2006,5 Yr,0.0455,60
48229,2006,7 Yr,0.045599999999999995,84
53123,2006,10 Yr,0.046,120
58017,2006,20 Yr,0.048,240
62911,2006,30 Yr,0.0472,360
4182,2006,1 Mo,0.0518,1
9076,2006,2 Mo,0.0509,2
13970,2006,3 Mo,0.0509,3
18864,2006,4 Mo,0.0518,4
23758,2006,6 Mo,0.0518,6
28652,2006,1 Yr,0.0506,12
33546,2006,2 Yr,0.0482,24
38440,2006,3 Yr,0.047400000000000005,36
43334,2006,5 Yr,0.047,60
48228,2006,7 Yr,0.047,84
53122,2006,10 Yr,0.0472,120
58016,2006,20 Yr,0.049,240
62910,2006,30 Yr,0.0481,360
4162,2006,1 Mo,0.0513,1
9056,2006,2 Mo,0.0501,2
13950,2006,3 Mo,0.0501,3
18844,2006,4 Mo,0.0504,4
23738,2006,6 Mo,0.0504,6
28632,2006,1 Yr,0.0487,12
33526,2006,2 Yr,0.0452,24
38420,2006,3 Yr,0.0443,36
43314,2006,5 Yr,0.043899999999999995,60
48208,2006,7 Yr,0.043899999999999995,84
53102,2006,10 Yr,0.0443,120
57996,2006,20 Yr,0.04650000000000001,240
62890,2006,30 Yr,0.0455,360
4161,2006,1 Mo,0.048799999999999996,1
9055,2006,2 Mo,0.0499,2
13949,2006,3 Mo,0.0499,3
18843,2006,4 Mo,0.050300000000000004,4
23737,2006,6 Mo,0.050300000000000004,6
28631,2006,1 Yr,0.048600000000000004,12
33525,2006,2 Yr,0.0452,24
38419,2006,3 Yr,0.0443,36
43313,2006,5 Yr,0.043899999999999995,60
48207,2006,7 Yr,0.044000000000000004,84
53101,2006,10 Yr,0.044500000000000005,120
57995,2006,20 Yr,0.0467,240
62889,2006,30 Yr,0.045700000000000005,360
4160,2006,1 Mo,0.049100000000000005,1
9054,2006,2 Mo,0.0499,2
13948,2006,3 Mo,0.0499,3
18842,2006,4 Mo,0.050499999999999996,4
23736,2006,6 Mo,0.050499999999999996,6
28630,2006,1 Yr,0.049,12
33524,2006,2 Yr,0.045899999999999996,24
38418,2006,3 Yr,0.044800000000000006,36
43312,2006,5 Yr,0.0444,60
48206,2006,7 Yr,0.0444,84
53100,2006,10 Yr,0.044800000000000006,120
57994,2006,20 Yr,0.046900000000000004,240
62888,2006,30 Yr,0.046,360
4159,2006,1 Mo,0.0492,1
9053,2006,2 Mo,0.049800000000000004,2
13947,2006,3 Mo,0.049800000000000004,3
18841,2006,4 Mo,0.050499999999999996,4
23735,2006,6 Mo,0.050499999999999996,6
28629,2006,1 Yr,0.049,12
33523,2006,2 Yr,0.0458,24
38417,2006,3 Yr,0.044800000000000006,36
43311,2006,5 Yr,0.044500000000000005,60
48205,2006,7 Yr,0.044500000000000005,84
53099,2006,10 Yr,0.0449,120
57993,2006,20 Yr,0.047,240
62887,2006,30 Yr,0.046,360
4158,2006,1 Mo,0.0489,1
9052,2006,2 Mo,0.049699999999999994,2
13946,2006,3 Mo,0.049699999999999994,3
18840,2006,4 Mo,0.0508,4
23734,2006,6 Mo,0.0508,6
28628,2006,1 Yr,0.0495,12
33522,2006,2 Yr,0.046799999999999994,24
38416,2006,3 Yr,0.045700000000000005,36
43310,2006,5 Yr,0.0453,60
48204,2006,7 Yr,0.0454,84
53098,2006,10 Yr,0.045599999999999995,120
57992,2006,20 Yr,0.047599999999999996,240
62886,2006,30 Yr,0.0466,360
4178,2006,1 Mo,0.0519,1
9072,2006,2 Mo,0.0509,2
13966,2006,3 Mo,0.0509,3
18860,2006,4 Mo,0.0516,4
23754,2006,6 Mo,0.0516,6
28648,2006,1 Yr,0.050199999999999995,12
33542,2006,2 Yr,0.0475,24
38436,2006,3 Yr,0.0466,36
43330,2006,5 Yr,0.046,60
48224,2006,7 Yr,0.046,84
53118,2006,10 Yr,0.0462,120
58012,2006,20 Yr,0.0482,240
62906,2006,30 Yr,0.0473,360
3932,2007,1 Mo,0.039,1
8826,2007,2 Mo,0.0381,2
13720,2007,3 Mo,0.0381,3
18614,2007,4 Mo,0.0395,4
23508,2007,6 Mo,0.0395,6
28402,2007,1 Yr,0.038900000000000004,12
33296,2007,2 Yr,0.0377,24
38190,2007,3 Yr,0.038,36
43084,2007,5 Yr,0.04019999999999999,60
47978,2007,7 Yr,0.0416,84
52872,2007,10 Yr,0.0436,120
57766,2007,20 Yr,0.046900000000000004,240
62660,2007,30 Yr,0.0464,360
3931,2007,1 Mo,0.0373,1
8825,2007,2 Mo,0.0361,2
13719,2007,3 Mo,0.0361,3
18613,2007,4 Mo,0.0379,4
23507,2007,6 Mo,0.0379,6
28401,2007,1 Yr,0.0374,12
33295,2007,2 Yr,0.0366,24
38189,2007,3 Yr,0.0368,36
43083,2007,5 Yr,0.0393,60
47977,2007,7 Yr,0.0409,84
52871,2007,10 Yr,0.0431,120
57765,2007,20 Yr,0.04650000000000001,240
62659,2007,30 Yr,0.0461,360
3912,2007,1 Mo,0.0355,1
8806,2007,2 Mo,0.030600000000000002,2
13700,2007,3 Mo,0.030600000000000002,3
18594,2007,4 Mo,0.032799999999999996,4
23488,2007,6 Mo,0.032799999999999996,6
28382,2007,1 Yr,0.0315,12
33276,2007,2 Yr,0.028999999999999998,24
38170,2007,3 Yr,0.029300000000000003,36
43064,2007,5 Yr,0.032799999999999996,60
47958,2007,7 Yr,0.0353,84
52852,2007,10 Yr,0.038900000000000004,120
57746,2007,20 Yr,0.0438,240
62640,2007,30 Yr,0.0434,360
3911,2007,1 Mo,0.0316,1
8805,2007,2 Mo,0.030699999999999998,2
13699,2007,3 Mo,0.030699999999999998,3
18593,2007,4 Mo,0.0322,4
23487,2007,6 Mo,0.0322,6
28381,2007,1 Yr,0.0311,12
33275,2007,2 Yr,0.028999999999999998,24
38169,2007,3 Yr,0.0292,36
43063,2007,5 Yr,0.032799999999999996,60
47957,2007,7 Yr,0.0354,84
52851,2007,10 Yr,0.038900000000000004,120
57745,2007,20 Yr,0.0438,240
62639,2007,30 Yr,0.0434,360
3910,2007,1 Mo,0.0315,1
8804,2007,2 Mo,0.030699999999999998,2
13698,2007,3 Mo,0.030699999999999998,3
18592,2007,4 Mo,0.032400000000000005,4
23486,2007,6 Mo,0.032400000000000005,6
28380,2007,1 Yr,0.0313,12
33274,2007,2 Yr,0.028999999999999998,24
38168,2007,3 Yr,0.0291,36
43062,2007,5 Yr,0.032799999999999996,60
47956,2007,7 Yr,0.0355,84
52850,2007,10 Yr,0.0392,120
57744,2007,20 Yr,0.044199999999999996,240
62638,2007,30 Yr,0.043899999999999995,360
3909,2007,1 Mo,0.030899999999999997,1
8803,2007,2 Mo,0.030899999999999997,2
13697,2007,3 Mo,0.030899999999999997,3
18591,2007,4 Mo,0.0329,4
23485,2007,6 Mo,0.0329,6
28379,2007,1 Yr,0.032,12
33273,2007,2 Yr,0.030299999999999997,24
38167,2007,3 Yr,0.030299999999999997,36
43061,2007,5 Yr,0.0339,60
47955,2007,7 Yr,0.0366,84
52849,2007,10 Yr,0.04019999999999999,120
57743,2007,20 Yr,0.0452,240
62637,2007,30 Yr,0.0449,360
3908,2007,1 Mo,0.0304,1
8802,2007,2 Mo,0.031200000000000002,2
13696,2007,3 Mo,0.031200000000000002,3
18590,2007,4 Mo,0.033,4
23484,2007,6 Mo,0.033,6
28378,2007,1 Yr,0.032400000000000005,12
33272,2007,2 Yr,0.031200000000000002,24
38166,2007,3 Yr,0.0315,36
43060,2007,5 Yr,0.0351,60
47954,2007,7 Yr,0.0377,84
52848,2007,10 Yr,0.0412,120
57742,2007,20 Yr,0.0462,240
62636,2007,30 Yr,0.0458,360
3927,2007,1 Mo,0.0356,1
8821,2007,2 Mo,0.0338,2
13715,2007,3 Mo,0.0338,3
18609,2007,4 Mo,0.036699999999999997,4
23503,2007,6 Mo,0.036699999999999997,6
28397,2007,1 Yr,0.0361,12
33291,2007,2 Yr,0.0347,24
38185,2007,3 Yr,0.0346,36
43079,2007,5 Yr,0.0381,60
47973,2007,7 Yr,0.04,84
52867,2007,10 Yr,0.042800000000000005,120
57761,2007,20 Yr,0.047,240
62655,2007,30 Yr,0.0467,360
3926,2007,1 Mo,0.0342,1
8820,2007,2 Mo,0.0327,2
13714,2007,3 Mo,0.0327,3
18608,2007,4 Mo,0.0364,4
23502,2007,6 Mo,0.0364,6
28396,2007,1 Yr,0.035699999999999996,12
33290,2007,2 Yr,0.0342,24
38184,2007,3 Yr,0.0344,36
43078,2007,5 Yr,0.0377,60
47972,2007,7 Yr,0.039599999999999996,84
52866,2007,10 Yr,0.042300000000000004,120
57760,2007,20 Yr,0.0464,240
62654,2007,30 Yr,0.0461,360
3663,2008,1 Mo,0.0009,1
8557,2008,2 Mo,0.0007000000000000001,2
13451,2008,3 Mo,0.0007000000000000001,3
18345,2008,4 Mo,0.0044,4
23239,2008,6 Mo,0.0044,6
28133,2008,1 Yr,0.008100000000000001,12
33027,2008,2 Yr,0.009000000000000001,24
37921,2008,3 Yr,0.0116,36
42815,2008,5 Yr,0.0171,60
47709,2008,7 Yr,0.0213,84
52603,2008,10 Yr,0.027200000000000002,120
57497,2008,20 Yr,0.0351,240
62391,2008,30 Yr,0.0322,360
3662,2008,1 Mo,0.0004,1
8556,2008,2 Mo,0.0006,2
13450,2008,3 Mo,0.0006,3
18344,2008,4 Mo,0.0042,4
23238,2008,6 Mo,0.0042,6
28132,2008,1 Yr,0.0077,12
33026,2008,2 Yr,0.009000000000000001,24
37920,2008,3 Yr,0.011200000000000002,36
42814,2008,5 Yr,0.0165,60
47708,2008,7 Yr,0.0208,84
52602,2008,10 Yr,0.0268,120
57496,2008,20 Yr,0.0347,240
62390,2008,30 Yr,0.0318,360
3661,2008,1 Mo,0.0002,1
8555,2008,2 Mo,0.0002,2
13449,2008,3 Mo,0.0002,3
18343,2008,4 Mo,0.0034999999999999996,4
23237,2008,6 Mo,0.0034999999999999996,6
28131,2008,1 Yr,0.006999999999999999,12
33025,2008,2 Yr,0.0087,24
37919,2008,3 Yr,0.010700000000000001,36
42813,2008,5 Yr,0.016,60
47707,2008,7 Yr,0.0203,84
52601,2008,10 Yr,0.026699999999999998,120
57495,2008,20 Yr,0.0345,240
62389,2008,30 Yr,0.0317,360
3660,2008,1 Mo,0.0001,1
8554,2008,2 Mo,0.0002,2
13448,2008,3 Mo,0.0002,3
18342,2008,4 Mo,0.0026,4
23236,2008,6 Mo,0.0026,6
28130,2008,1 Yr,0.0060999999999999995,12
33024,2008,2 Yr,0.008199999999999999,24
37918,2008,3 Yr,0.0102,36
42812,2008,5 Yr,0.0151,60
47706,2008,7 Yr,0.019299999999999998,84
52600,2008,10 Yr,0.0255,120
57494,2008,20 Yr,0.0335,240
62388,2008,30 Yr,0.030600000000000002,360
3659,2008,1 Mo,0.0002,1
8553,2008,2 Mo,0.0002,2
13447,2008,3 Mo,0.0002,3
18341,2008,4 Mo,0.0023,4
23235,2008,6 Mo,0.0023,6
28129,2008,1 Yr,0.0054,12
33023,2008,2 Yr,0.009300000000000001,24
37917,2008,3 Yr,0.011899999999999999,36
42811,2008,5 Yr,0.0167,60
47705,2008,7 Yr,0.0209,84
52599,2008,10 Yr,0.026699999999999998,120
57493,2008,20 Yr,0.0341,240
62387,2008,30 Yr,0.0311,360
3678,2008,1 Mo,0.0013,1
8572,2008,2 Mo,0.0032,2
13466,2008,3 Mo,0.0032,3
18360,2008,4 Mo,0.0083,4
23254,2008,6 Mo,0.0083,6
28148,2008,1 Yr,0.011699999999999999,12
33042,2008,2 Yr,0.0128,24
37936,2008,3 Yr,0.0163,36
42830,2008,5 Yr,0.0246,60
47724,2008,7 Yr,0.0301,84
52618,2008,10 Yr,0.0375,120
57512,2008,20 Yr,0.0452,240
62406,2008,30 Yr,0.04190000000000001,360
3677,2008,1 Mo,0.0013,1
8571,2008,2 Mo,0.0031,2
13465,2008,3 Mo,0.0031,3
18359,2008,4 Mo,0.0083,4
23253,2008,6 Mo,0.0083,6
28147,2008,1 Yr,0.012,12
33041,2008,2 Yr,0.013300000000000001,24
37935,2008,3 Yr,0.0171,36
42829,2008,5 Yr,0.0256,60
47723,2008,7 Yr,0.0311,84
52617,2008,10 Yr,0.0383,120
57511,2008,20 Yr,0.045700000000000005,240
62405,2008,30 Yr,0.0425,360
3658,2008,1 Mo,0.0001,1
8552,2008,2 Mo,0.0003,2
13446,2008,3 Mo,0.0003,3
18340,2008,4 Mo,0.0028000000000000004,4
23234,2008,6 Mo,0.0028000000000000004,6
28128,2008,1 Yr,0.0053,12
33022,2008,2 Yr,0.0097,24
37916,2008,3 Yr,0.0127,36
42810,2008,5 Yr,0.0176,60
47704,2008,7 Yr,0.0217,84
52598,2008,10 Yr,0.0277,120
57492,2008,20 Yr,0.0345,240
62386,2008,30 Yr,0.0316,360
3657,2008,1 Mo,0.0004,1
8551,2008,2 Mo,0.0003,2
13445,2008,3 Mo,0.0003,3
18339,2008,4 Mo,0.0025,4
23233,2008,6 Mo,0.0025,6
28127,2008,1 Yr,0.0049,12
33021,2008,2 Yr,0.0084,24
37915,2008,3 Yr,0.0115,36
42809,2008,5 Yr,0.0161,60
47703,2008,7 Yr,0.0203,84
52597,2008,10 Yr,0.026699999999999998,120
57491,2008,20 Yr,0.0335,240
62385,2008,30 Yr,0.030600000000000002,360
3413,2009,1 Mo,0.0009,1
8307,2009,2 Mo,0.0006,2
13201,2009,3 Mo,0.0006,3
18095,2009,4 Mo,0.0015,4
22989,2009,6 Mo,0.0015,6
27883,2009,1 Yr,0.0026,12
32777,2009,2 Yr,0.0067,24
37671,2009,3 Yr,0.011399999999999999,36
42565,2009,5 Yr,0.0203,60
47459,2009,7 Yr,0.0274,84
52353,2009,10 Yr,0.032799999999999996,120
57247,2009,20 Yr,0.0414,240
62141,2009,30 Yr,0.0426,360
3412,2009,1 Mo,0.0008,1
8306,2009,2 Mo,0.0005,2
13200,2009,3 Mo,0.0005,3
18094,2009,4 Mo,0.0015,4
22988,2009,6 Mo,0.0015,6
27882,2009,1 Yr,0.0028000000000000004,12
32776,2009,2 Yr,0.0072,24
37670,2009,3 Yr,0.011899999999999999,36
42564,2009,5 Yr,0.0209,60
47458,2009,7 Yr,0.027999999999999997,84
52352,2009,10 Yr,0.0332,120
57246,2009,20 Yr,0.0414,240
62140,2009,30 Yr,0.0426,360
3411,2009,1 Mo,0.0009,1
8305,2009,2 Mo,0.0006,2
13199,2009,3 Mo,0.0006,3
18093,2009,4 Mo,0.0016,4
22987,2009,6 Mo,0.0016,6
27881,2009,1 Yr,0.003,12
32775,2009,2 Yr,0.0074,24
37669,2009,3 Yr,0.0123,36
42563,2009,5 Yr,0.021400000000000002,60
47457,2009,7 Yr,0.0287,84
52351,2009,10 Yr,0.0339,120
57245,2009,20 Yr,0.042300000000000004,240
62139,2009,30 Yr,0.0433,360
3410,2009,1 Mo,0.0008,1
8304,2009,2 Mo,0.0006,2
13198,2009,3 Mo,0.0006,3
18092,2009,4 Mo,0.0017000000000000001,4
22986,2009,6 Mo,0.0017000000000000001,6
27880,2009,1 Yr,0.0036,12
32774,2009,2 Yr,0.0084,24
37668,2009,3 Yr,0.0134,36
42562,2009,5 Yr,0.022400000000000003,60
47456,2009,7 Yr,0.0297,84
52350,2009,10 Yr,0.0348,120
57244,2009,20 Yr,0.0431,240
62138,2009,30 Yr,0.044000000000000004,360
3429,2009,1 Mo,0.0006,1
8323,2009,2 Mo,0.0004,2
13217,2009,3 Mo,0.0004,3
18111,2009,4 Mo,0.0016,4
23005,2009,6 Mo,0.0016,6
27899,2009,1 Yr,0.0036,12
32793,2009,2 Yr,0.009000000000000001,24
37687,2009,3 Yr,0.0144,36
42581,2009,5 Yr,0.0235,60
47475,2009,7 Yr,0.030600000000000002,84
52369,2009,10 Yr,0.035699999999999996,120
57263,2009,20 Yr,0.0436,240
62157,2009,30 Yr,0.0441,360
3428,2009,1 Mo,0.0006,1
8322,2009,2 Mo,0.0006,2
13216,2009,3 Mo,0.0006,3
18110,2009,4 Mo,0.0016,4
23004,2009,6 Mo,0.0016,6
27898,2009,1 Yr,0.0034000000000000002,12
32792,2009,2 Yr,0.0086,24
37686,2009,3 Yr,0.013999999999999999,36
42580,2009,5 Yr,0.023,60
47474,2009,7 Yr,0.0302,84
52368,2009,10 Yr,0.0354,120
57262,2009,20 Yr,0.0435,240
62156,2009,30 Yr,0.044000000000000004,360
3409,2009,1 Mo,0.0007000000000000001,1
8303,2009,2 Mo,0.0004,2
13197,2009,3 Mo,0.0004,3
18091,2009,4 Mo,0.0016,4
22985,2009,6 Mo,0.0016,6
27879,2009,1 Yr,0.0032,12
32773,2009,2 Yr,0.0078000000000000005,24
37667,2009,3 Yr,0.0126,36
42561,2009,5 Yr,0.0219,60
47455,2009,7 Yr,0.0292,84
52349,2009,10 Yr,0.0344,120
57243,2009,20 Yr,0.0429,240
62137,2009,30 Yr,0.044000000000000004,360
3408,2009,1 Mo,0.0002,1
8302,2009,2 Mo,0.0003,2
13196,2009,3 Mo,0.0003,3
18090,2009,4 Mo,0.0015,4
22984,2009,6 Mo,0.0015,6
27878,2009,1 Yr,0.0029,12
32772,2009,2 Yr,0.0073,24
37666,2009,3 Yr,0.0121,36
42560,2009,5 Yr,0.0212,60
47454,2009,7 Yr,0.0286,84
52348,2009,10 Yr,0.034,120
57242,2009,20 Yr,0.042800000000000005,240
62136,2009,30 Yr,0.043899999999999995,360
3407,2009,1 Mo,0.0001,1
8301,2009,2 Mo,0.0003,2
13195,2009,3 Mo,0.0003,3
18089,2009,4 Mo,0.0014000000000000002,4
22983,2009,6 Mo,0.0014000000000000002,6
27877,2009,1 Yr,0.0031,12
32771,2009,2 Yr,0.0076,24
37665,2009,3 Yr,0.0123,36
42559,2009,5 Yr,0.0215,60
47453,2009,7 Yr,0.028900000000000002,84
52347,2009,10 Yr,0.0345,120
57241,2009,20 Yr,0.0431,240
62135,2009,30 Yr,0.0441,360
3161,2010,1 Mo,0.0017000000000000001,1
8055,2010,2 Mo,0.0016,2
12949,2010,3 Mo,0.0016,3
17843,2010,4 Mo,0.002,4
22737,2010,6 Mo,0.002,6
27631,2010,1 Yr,0.0028000000000000004,12
32525,2010,2 Yr,0.0053,24
37419,2010,3 Yr,0.0084,36
42313,2010,5 Yr,0.016399999999999998,60
47207,2010,7 Yr,0.0233,84
52101,2010,10 Yr,0.0297,120
56995,2010,20 Yr,0.0395,240
61889,2010,30 Yr,0.0424,360
3160,2010,1 Mo,0.0016,1
8054,2010,2 Mo,0.0016,2
12948,2010,3 Mo,0.0016,3
17842,2010,4 Mo,0.0019,4
22736,2010,6 Mo,0.0019,6
27630,2010,1 Yr,0.0029,12
32524,2010,2 Yr,0.0055000000000000005,24
37418,2010,3 Yr,0.0086,36
42312,2010,5 Yr,0.0168,60
47206,2010,7 Yr,0.023700000000000002,84
52100,2010,10 Yr,0.0301,120
56994,2010,20 Yr,0.0397,240
61888,2010,30 Yr,0.042699999999999995,360
3159,2010,1 Mo,0.0014000000000000002,1
8053,2010,2 Mo,0.0014000000000000002,2
12947,2010,3 Mo,0.0014000000000000002,3
17841,2010,4 Mo,0.0019,4
22735,2010,6 Mo,0.0019,6
27629,2010,1 Yr,0.0026,12
32523,2010,2 Yr,0.0049,24
37417,2010,3 Yr,0.008,36
42311,2010,5 Yr,0.016399999999999998,60
47205,2010,7 Yr,0.0236,84
52099,2010,10 Yr,0.030299999999999997,120
56993,2010,20 Yr,0.0401,240
61887,2010,30 Yr,0.0432,360
3178,2010,1 Mo,0.0013,1
8072,2010,2 Mo,0.0013,2
12966,2010,3 Mo,0.0013,3
17860,2010,4 Mo,0.0017000000000000001,4
22754,2010,6 Mo,0.0017000000000000001,6
27648,2010,1 Yr,0.0021,12
32542,2010,2 Yr,0.0033,24
37436,2010,3 Yr,0.0045000000000000005,36
42330,2010,5 Yr,0.0104,60
47224,2010,7 Yr,0.0173,84
52118,2010,10 Yr,0.0253,120
57012,2010,20 Yr,0.0362,240
61906,2010,30 Yr,0.0404,360
3177,2010,1 Mo,0.0013,1
8071,2010,2 Mo,0.0013,2
12965,2010,3 Mo,0.0013,3
17859,2010,4 Mo,0.0016,4
22753,2010,6 Mo,0.0016,6
27647,2010,1 Yr,0.0022,12
32541,2010,2 Yr,0.0038,24
37435,2010,3 Yr,0.0051,36
42329,2010,5 Yr,0.011000000000000001,60
47223,2010,7 Yr,0.0177,84
52117,2010,10 Yr,0.0258,120
57011,2010,20 Yr,0.0369,240
61905,2010,30 Yr,0.0412,360
3158,2010,1 Mo,0.0014000000000000002,1
8052,2010,2 Mo,0.0015,2
12946,2010,3 Mo,0.0015,3
17840,2010,4 Mo,0.0019,4
22734,2010,6 Mo,0.0019,6
27628,2010,1 Yr,0.0026,12
32522,2010,2 Yr,0.0042,24
37416,2010,3 Yr,0.0073,36
42310,2010,5 Yr,0.015300000000000001,60
47204,2010,7 Yr,0.0226,84
52098,2010,10 Yr,0.029500000000000002,120
56992,2010,20 Yr,0.0394,240
61886,2010,30 Yr,0.0425,360
3157,2010,1 Mo,0.0008,1
8051,2010,2 Mo,0.0014000000000000002,2
12945,2010,3 Mo,0.0014000000000000002,3
17839,2010,4 Mo,0.0019,4
22733,2010,6 Mo,0.0019,6
27627,2010,1 Yr,0.0028000000000000004,12
32521,2010,2 Yr,0.0054,24
37415,2010,3 Yr,0.0087,36
42309,2010,5 Yr,0.0174,60
47203,2010,7 Yr,0.025099999999999997,84
52097,2010,10 Yr,0.0315,120
56991,2010,20 Yr,0.041100000000000005,240
61885,2010,30 Yr,0.043899999999999995,360
3156,2010,1 Mo,0.0008,1
8050,2010,2 Mo,0.0015,2
12944,2010,3 Mo,0.0015,3
17838,2010,4 Mo,0.0018,4
22732,2010,6 Mo,0.0018,6
27626,2010,1 Yr,0.003,12
32520,2010,2 Yr,0.0063,24
37414,2010,3 Yr,0.0097,36
42308,2010,5 Yr,0.0187,60
47202,2010,7 Yr,0.0262,84
52096,2010,10 Yr,0.0326,120
56990,2010,20 Yr,0.0418,240
61884,2010,30 Yr,0.044500000000000005,360
3155,2010,1 Mo,0.0009,1
8049,2010,2 Mo,0.0014000000000000002,2
12943,2010,3 Mo,0.0014000000000000002,3
17837,2010,4 Mo,0.0018,4
22731,2010,6 Mo,0.0018,6
27625,2010,1 Yr,0.003,12
32519,2010,2 Yr,0.0064,24
37413,2010,3 Yr,0.009899999999999999,36
42307,2010,5 Yr,0.019,60
47201,2010,7 Yr,0.0262,84
52095,2010,10 Yr,0.0323,120
56989,2010,20 Yr,0.0415,240
61883,2010,30 Yr,0.0441,360
2910,2011,1 Mo,0.0002,1
7804,2011,2 Mo,0.0001,2
12698,2011,3 Mo,0.0001,3
17592,2011,4 Mo,0.0005,4
22486,2011,6 Mo,0.0005,6
27380,2011,1 Yr,0.0012,12
32274,2011,2 Yr,0.0027,24
37168,2011,3 Yr,0.0040999999999999995,36
42062,2011,5 Yr,0.0097,60
46956,2011,7 Yr,0.0155,84
51850,2011,10 Yr,0.021099999999999997,120
56744,2011,20 Yr,0.0282,240
61638,2011,30 Yr,0.031200000000000002,360
2909,2011,1 Mo,0.0002,1
7803,2011,2 Mo,0.0002,2
12697,2011,3 Mo,0.0002,3
17591,2011,4 Mo,0.0006,4
22485,2011,6 Mo,0.0006,6
27379,2011,1 Yr,0.0012,12
32273,2011,2 Yr,0.0025,24
37167,2011,3 Yr,0.0039000000000000003,36
42061,2011,5 Yr,0.0092,60
46955,2011,7 Yr,0.0149,84
51849,2011,10 Yr,0.020499999999999997,120
56743,2011,20 Yr,0.0274,240
61637,2011,30 Yr,0.030299999999999997,360
2928,2011,1 Mo,0.0001,1
7822,2011,2 Mo,0.0001,2
12716,2011,3 Mo,0.0001,3
17610,2011,4 Mo,0.0004,4
22504,2011,6 Mo,0.0004,6
27398,2011,1 Yr,0.0011,12
32292,2011,2 Yr,0.0024,24
37186,2011,3 Yr,0.0039000000000000003,36
42080,2011,5 Yr,0.0091,60
46974,2011,7 Yr,0.0148,84
51868,2011,10 Yr,0.0209,120
56762,2011,20 Yr,0.028300000000000002,240
61656,2011,30 Yr,0.031,360
2927,2011,1 Mo,0.0001,1
7821,2011,2 Mo,0.0001,2
12715,2011,3 Mo,0.0001,3
17609,2011,4 Mo,0.0003,4
22503,2011,6 Mo,0.0003,6
27397,2011,1 Yr,0.0011,12
32291,2011,2 Yr,0.0022,24
37185,2011,3 Yr,0.0037,36
42079,2011,5 Yr,0.0088,60
46973,2011,7 Yr,0.014499999999999999,84
51867,2011,10 Yr,0.0206,120
56761,2011,20 Yr,0.0281,240
61655,2011,30 Yr,0.030899999999999997,360
2908,2011,1 Mo,0.0001,1
7802,2011,2 Mo,0.0001,2
12696,2011,3 Mo,0.0001,3
17590,2011,4 Mo,0.0005,4
22484,2011,6 Mo,0.0005,6
27378,2011,1 Yr,0.0011,12
32272,2011,2 Yr,0.0027,24
37166,2011,3 Yr,0.004,36
42060,2011,5 Yr,0.009300000000000001,60
46954,2011,7 Yr,0.0149,84
51848,2011,10 Yr,0.0204,120
56742,2011,20 Yr,0.0273,240
61636,2011,30 Yr,0.0302,360
2907,2011,1 Mo,0.0,1
7801,2011,2 Mo,0.0001,2
12695,2011,3 Mo,0.0001,3
17589,2011,4 Mo,0.0004,4
22483,2011,6 Mo,0.0004,6
27377,2011,1 Yr,0.0011,12
32271,2011,2 Yr,0.0025,24
37165,2011,3 Yr,0.0040999999999999995,36
42059,2011,5 Yr,0.009399999999999999,60
46953,2011,7 Yr,0.0152,84
51847,2011,10 Yr,0.0208,120
56741,2011,20 Yr,0.0274,240
61635,2011,30 Yr,0.030899999999999997,360
2906,2011,1 Mo,0.0,1
7800,2011,2 Mo,0.0002,2
12694,2011,3 Mo,0.0002,3
17588,2011,4 Mo,0.0005,4
22482,2011,6 Mo,0.0005,6
27376,2011,1 Yr,0.0011,12
32270,2011,2 Yr,0.0024,24
37164,2011,3 Yr,0.0036,36
42058,2011,5 Yr,0.0089,60
46952,2011,7 Yr,0.0146,84
51846,2011,10 Yr,0.0202,120
56740,2011,20 Yr,0.0274,240
61634,2011,30 Yr,0.0304,360
2905,2011,1 Mo,0.0,1
7799,2011,2 Mo,0.0001,2
12693,2011,3 Mo,0.0001,3
17587,2011,4 Mo,0.0004,4
22481,2011,6 Mo,0.0004,6
27375,2011,1 Yr,0.001,12
32269,2011,2 Yr,0.0022,24
37163,2011,3 Yr,0.0034999999999999996,36
42057,2011,5 Yr,0.0086,60
46951,2011,7 Yr,0.0141,84
51845,2011,10 Yr,0.0199,120
56739,2011,20 Yr,0.027000000000000003,240
61633,2011,30 Yr,0.03,360
2904,2011,1 Mo,0.0,1
7798,2011,2 Mo,0.0001,2
12692,2011,3 Mo,0.0001,3
17586,2011,4 Mo,0.0005,4
22480,2011,6 Mo,0.0005,6
27374,2011,1 Yr,0.0011,12
32268,2011,2 Yr,0.0022,24
37162,2011,3 Yr,0.0037,36
42056,2011,5 Yr,0.0089,60
46950,2011,7 Yr,0.0148,84
51844,2011,10 Yr,0.0207,120
56738,2011,20 Yr,0.0279,240
61632,2011,30 Yr,0.031,360
2679,2012,1 Mo,0.0006,1
7573,2012,2 Mo,0.0009,2
12467,2012,3 Mo,0.0009,3
17361,2012,4 Mo,0.0015,4
22255,2012,6 Mo,0.0015,6
27149,2012,1 Yr,0.0018,12
32043,2012,2 Yr,0.003,24
36937,2012,3 Yr,0.0038,36
41831,2012,5 Yr,0.0073,60
46725,2012,7 Yr,0.0116,84
51619,2012,10 Yr,0.0175,120
56513,2012,20 Yr,0.025,240
61407,2012,30 Yr,0.028900000000000002,360
2678,2012,1 Mo,0.0008,1
7572,2012,2 Mo,0.0009,2
12466,2012,3 Mo,0.0009,3
17360,2012,4 Mo,0.0015,4
22254,2012,6 Mo,0.0015,6
27148,2012,1 Yr,0.0019,12
32042,2012,2 Yr,0.0028000000000000004,24
36936,2012,3 Yr,0.0038,36
41830,2012,5 Yr,0.0073,60
46724,2012,7 Yr,0.0116,84
51618,2012,10 Yr,0.0175,120
56512,2012,20 Yr,0.025099999999999997,240
61406,2012,30 Yr,0.0291,360
2659,2012,1 Mo,0.0013,1
7553,2012,2 Mo,0.001,2
12447,2012,3 Mo,0.001,3
17341,2012,4 Mo,0.0014000000000000002,4
22235,2012,6 Mo,0.0014000000000000002,6
27129,2012,1 Yr,0.0018,12
32023,2012,2 Yr,0.0025,24
36917,2012,3 Yr,0.0034000000000000002,36
41811,2012,5 Yr,0.0063,60
46705,2012,7 Yr,0.0105,84
51599,2012,10 Yr,0.0163,120
56493,2012,20 Yr,0.023700000000000002,240
61387,2012,30 Yr,0.027999999999999997,360
2658,2012,1 Mo,0.0007000000000000001,1
7552,2012,2 Mo,0.001,2
12446,2012,3 Mo,0.001,3
17340,2012,4 Mo,0.0015,4
22234,2012,6 Mo,0.0015,6
27128,2012,1 Yr,0.0018,12
32022,2012,2 Yr,0.0025,24
36916,2012,3 Yr,0.0034000000000000002,36
41810,2012,5 Yr,0.0063,60
46704,2012,7 Yr,0.0104,84
51598,2012,10 Yr,0.016200000000000003,120
56492,2012,20 Yr,0.0236,240
61386,2012,30 Yr,0.0278,360
2657,2012,1 Mo,0.0007000000000000001,1
7551,2012,2 Mo,0.001,2
12445,2012,3 Mo,0.001,3
17339,2012,4 Mo,0.0014000000000000002,4
22233,2012,6 Mo,0.0014000000000000002,6
27127,2012,1 Yr,0.0018,12
32021,2012,2 Yr,0.0025,24
36915,2012,3 Yr,0.0032,36
41809,2012,5 Yr,0.0060999999999999995,60
46703,2012,7 Yr,0.0102,84
51597,2012,10 Yr,0.016,120
56491,2012,20 Yr,0.0235,240
61385,2012,30 Yr,0.0278,360
2656,2012,1 Mo,0.0007000000000000001,1
7550,2012,2 Mo,0.001,2
12444,2012,3 Mo,0.001,3
17338,2012,4 Mo,0.0014000000000000002,4
22232,2012,6 Mo,0.0014000000000000002,6
27126,2012,1 Yr,0.0018,12
32020,2012,2 Yr,0.0025,24
36914,2012,3 Yr,0.0032,36
41808,2012,5 Yr,0.006,60
46702,2012,7 Yr,0.01,84
51596,2012,10 Yr,0.0159,120
56490,2012,20 Yr,0.0233,240
61384,2012,30 Yr,0.0276,360
2655,2012,1 Mo,0.0006,1
7549,2012,2 Mo,0.0009,2
12443,2012,3 Mo,0.0009,3
17337,2012,4 Mo,0.0014000000000000002,4
22231,2012,6 Mo,0.0014000000000000002,6
27125,2012,1 Yr,0.0018,12
32019,2012,2 Yr,0.0025,24
36913,2012,3 Yr,0.0033,36
41807,2012,5 Yr,0.0063,60
46701,2012,7 Yr,0.0104,84
51595,2012,10 Yr,0.016399999999999998,120
56489,2012,20 Yr,0.0239,240
61383,2012,30 Yr,0.0281,360
2674,2012,1 Mo,0.0013,1
7568,2012,2 Mo,0.001,2
12462,2012,3 Mo,0.001,3
17356,2012,4 Mo,0.0015,4
22250,2012,6 Mo,0.0015,6
27144,2012,1 Yr,0.002,12
32038,2012,2 Yr,0.0027,24
36932,2012,3 Yr,0.0034999999999999996,36
41826,2012,5 Yr,0.006500000000000001,60
46720,2012,7 Yr,0.0104,84
51614,2012,10 Yr,0.016200000000000003,120
56508,2012,20 Yr,0.0235,240
61402,2012,30 Yr,0.0277,360
2673,2012,1 Mo,0.0013,1
7567,2012,2 Mo,0.0009,2
12461,2012,3 Mo,0.0009,3
17355,2012,4 Mo,0.0015,4
22249,2012,6 Mo,0.0015,6
27143,2012,1 Yr,0.0018,12
32037,2012,2 Yr,0.0027,24
36931,2012,3 Yr,0.0034999999999999996,36
41825,2012,5 Yr,0.006500000000000001,60
46719,2012,7 Yr,0.0104,84
51613,2012,10 Yr,0.0161,120
56507,2012,20 Yr,0.023399999999999997,240
61401,2012,30 Yr,0.0275,360
2429,2013,1 Mo,0.0003,1
7323,2013,2 Mo,0.0004,2
12217,2013,3 Mo,0.0004,3
17111,2013,4 Mo,0.0008,4
22005,2013,6 Mo,0.0008,6
26899,2013,1 Yr,0.001,12
31793,2013,2 Yr,0.0033,24
36687,2013,3 Yr,0.0060999999999999995,36
41581,2013,5 Yr,0.0137,60
46475,2013,7 Yr,0.0203,84
51369,2013,10 Yr,0.0265,120
56263,2013,20 Yr,0.034,240
61157,2013,30 Yr,0.0369,360
2410,2013,1 Mo,0.0002,1
7304,2013,2 Mo,0.0005,2
12198,2013,3 Mo,0.0005,3
17092,2013,4 Mo,0.001,4
21986,2013,6 Mo,0.001,6
26880,2013,1 Yr,0.0013,12
31774,2013,2 Yr,0.003,24
36668,2013,3 Yr,0.0059,36
41562,2013,5 Yr,0.0143,60
46456,2013,7 Yr,0.0216,84
51350,2013,10 Yr,0.0281,120
56244,2013,20 Yr,0.0358,240
61138,2013,30 Yr,0.038599999999999995,360
2409,2013,1 Mo,0.0004,1
7303,2013,2 Mo,0.0006,2
12197,2013,3 Mo,0.0006,3
17091,2013,4 Mo,0.001,4
21985,2013,6 Mo,0.001,6
26879,2013,1 Yr,0.0013,12
31773,2013,2 Yr,0.0028000000000000004,24
36667,2013,3 Yr,0.0058,36
41561,2013,5 Yr,0.013999999999999999,60
46455,2013,7 Yr,0.0213,84
51349,2013,10 Yr,0.0279,120
56243,2013,20 Yr,0.0356,240
61137,2013,30 Yr,0.0384,360
2408,2013,1 Mo,0.0004,1
7302,2013,2 Mo,0.0006,2
12196,2013,3 Mo,0.0006,3
17090,2013,4 Mo,0.001,4
21984,2013,6 Mo,0.001,6
26878,2013,1 Yr,0.0014000000000000002,12
31772,2013,2 Yr,0.003,24
36666,2013,3 Yr,0.006,36
41560,2013,5 Yr,0.014499999999999999,60
46454,2013,7 Yr,0.0219,84
51348,2013,10 Yr,0.028399999999999998,120
56242,2013,20 Yr,0.0363,240
61136,2013,30 Yr,0.039,360
2407,2013,1 Mo,0.0002,1
7301,2013,2 Mo,0.0006,2
12195,2013,3 Mo,0.0006,3
17089,2013,4 Mo,0.001,4
21983,2013,6 Mo,0.001,6
26877,2013,1 Yr,0.0013,12
31771,2013,2 Yr,0.003,24
36665,2013,3 Yr,0.0060999999999999995,36
41559,2013,5 Yr,0.0149,60
46453,2013,7 Yr,0.0223,84
51347,2013,10 Yr,0.0288,120
56241,2013,20 Yr,0.0365,240
61135,2013,30 Yr,0.0392,360
2406,2013,1 Mo,0.0003,1
7300,2013,2 Mo,0.0006,2
12194,2013,3 Mo,0.0006,3
17088,2013,4 Mo,0.001,4
21982,2013,6 Mo,0.001,6
26876,2013,1 Yr,0.0013,12
31770,2013,2 Yr,0.003,24
36664,2013,3 Yr,0.0064,36
41558,2013,5 Yr,0.0151,60
46452,2013,7 Yr,0.0223,84
51346,2013,10 Yr,0.0288,120
56240,2013,20 Yr,0.0363,240
61134,2013,30 Yr,0.039,360
2425,2013,1 Mo,0.0004,1
7319,2013,2 Mo,0.0005,2
12213,2013,3 Mo,0.0005,3
17107,2013,4 Mo,0.0009,4
22001,2013,6 Mo,0.0009,6
26895,2013,1 Yr,0.0011,12
31789,2013,2 Yr,0.0029,24
36683,2013,3 Yr,0.0055000000000000005,36
41577,2013,5 Yr,0.0131,60
46471,2013,7 Yr,0.019799999999999998,84
51365,2013,10 Yr,0.0263,120
56259,2013,20 Yr,0.0341,240
61153,2013,30 Yr,0.0371,360
2424,2013,1 Mo,0.0004,1
7318,2013,2 Mo,0.0006,2
12212,2013,3 Mo,0.0006,3
17106,2013,4 Mo,0.0009,4
22000,2013,6 Mo,0.0009,6
26894,2013,1 Yr,0.0012,12
31788,2013,2 Yr,0.0032,24
36682,2013,3 Yr,0.0062,36
41576,2013,5 Yr,0.014199999999999999,60
46470,2013,7 Yr,0.0212,84
51364,2013,10 Yr,0.0277,120
56258,2013,20 Yr,0.0355,240
61152,2013,30 Yr,0.0384,360
2405,2013,1 Mo,0.0004,1
7299,2013,2 Mo,0.0007000000000000001,2
12193,2013,3 Mo,0.0007000000000000001,3
17087,2013,4 Mo,0.001,4
21981,2013,6 Mo,0.001,6
26875,2013,1 Yr,0.0013,12
31769,2013,2 Yr,0.003,24
36663,2013,3 Yr,0.0064,36
41557,2013,5 Yr,0.015,60
46451,2013,7 Yr,0.0223,84
51345,2013,10 Yr,0.0286,120
56239,2013,20 Yr,0.0361,240
61133,2013,30 Yr,0.0388,360
2161,2014,1 Mo,0.0001,1
7055,2014,2 Mo,0.0003,2
11949,2014,3 Mo,0.0003,3
16843,2014,4 Mo,0.0008,4
21737,2014,6 Mo,0.0008,6
26631,2014,1 Yr,0.0013,12
31525,2014,2 Yr,0.0049,24
36419,2014,3 Yr,0.009000000000000001,36
41313,2014,5 Yr,0.0152,60
46207,2014,7 Yr,0.019299999999999998,84
51101,2014,10 Yr,0.0222,120
55995,2014,20 Yr,0.026600000000000002,240
60889,2014,30 Yr,0.029500000000000002,360
2160,2014,1 Mo,0.0004,1
7054,2014,2 Mo,0.0003,2
11948,2014,3 Mo,0.0003,3
16842,2014,4 Mo,0.0008,4
21736,2014,6 Mo,0.0008,6
26630,2014,1 Yr,0.0014000000000000002,12
31524,2014,2 Yr,0.0055000000000000005,24
36418,2014,3 Yr,0.0096,36
41312,2014,5 Yr,0.0159,60
46206,2014,7 Yr,0.02,84
51100,2014,10 Yr,0.022799999999999997,120
55994,2014,20 Yr,0.027200000000000002,240
60888,2014,30 Yr,0.03,360
2159,2014,1 Mo,0.0003,1
7053,2014,2 Mo,0.0001,2
11947,2014,3 Mo,0.0001,3
16841,2014,4 Mo,0.0007000000000000001,4
21735,2014,6 Mo,0.0007000000000000001,6
26629,2014,1 Yr,0.0015,12
31523,2014,2 Yr,0.005699999999999999,24
36417,2014,3 Yr,0.0098,36
41311,2014,5 Yr,0.0161,60
46205,2014,7 Yr,0.020099999999999996,84
51099,2014,10 Yr,0.0229,120
55993,2014,20 Yr,0.0271,240
60887,2014,30 Yr,0.029900000000000003,360
2158,2014,1 Mo,0.0003,1
7052,2014,2 Mo,0.0002,2
11946,2014,3 Mo,0.0002,3
16840,2014,4 Mo,0.0008,4
21734,2014,6 Mo,0.0008,6
26628,2014,1 Yr,0.0014000000000000002,12
31522,2014,2 Yr,0.0055000000000000005,24
36416,2014,3 Yr,0.0097,36
41310,2014,5 Yr,0.0159,60
46204,2014,7 Yr,0.019799999999999998,84
51098,2014,10 Yr,0.0225,120
55992,2014,20 Yr,0.026600000000000002,240
60886,2014,30 Yr,0.0294,360
2157,2014,1 Mo,0.0002,1
7051,2014,2 Mo,0.0002,2
11945,2014,3 Mo,0.0002,3
16839,2014,4 Mo,0.0008,4
21733,2014,6 Mo,0.0008,6
26627,2014,1 Yr,0.0018,12
31521,2014,2 Yr,0.006500000000000001,24
36415,2014,3 Yr,0.0109,36
41309,2014,5 Yr,0.0169,60
46203,2014,7 Yr,0.0206,84
51097,2014,10 Yr,0.0231,120
55991,2014,20 Yr,0.0269,240
60885,2014,30 Yr,0.0297,360
2176,2014,1 Mo,0.0004,1
7070,2014,2 Mo,0.0003,2
11964,2014,3 Mo,0.0003,3
16858,2014,4 Mo,0.0006,4
21752,2014,6 Mo,0.0006,6
26646,2014,1 Yr,0.0012,12
31540,2014,2 Yr,0.0054,24
36434,2014,3 Yr,0.0101,36
41328,2014,5 Yr,0.0167,60
46222,2014,7 Yr,0.0209,84
51116,2014,10 Yr,0.0239,120
56010,2014,20 Yr,0.028300000000000002,240
60904,2014,30 Yr,0.030899999999999997,360
2175,2014,1 Mo,0.0004,1
7069,2014,2 Mo,0.0003,2
11963,2014,3 Mo,0.0003,3
16857,2014,4 Mo,0.0006,4
21751,2014,6 Mo,0.0006,6
26645,2014,1 Yr,0.0012,12
31539,2014,2 Yr,0.0051,24
36433,2014,3 Yr,0.0095,36
41327,2014,5 Yr,0.016,60
46221,2014,7 Yr,0.020099999999999996,84
51115,2014,10 Yr,0.0232,120
56009,2014,20 Yr,0.0276,240
60903,2014,30 Yr,0.0304,360
2156,2014,1 Mo,0.0003,1
7050,2014,2 Mo,0.0003,2
11944,2014,3 Mo,0.0003,3
16838,2014,4 Mo,0.001,4
21732,2014,6 Mo,0.001,6
26626,2014,1 Yr,0.0018,12
31520,2014,2 Yr,0.0064,24
36414,2014,3 Yr,0.011000000000000001,36
41308,2014,5 Yr,0.0167,60
46202,2014,7 Yr,0.0202,84
51096,2014,10 Yr,0.0226,120
55990,2014,20 Yr,0.0262,240
60884,2014,30 Yr,0.028999999999999998,360
2155,2014,1 Mo,0.0005,1
7049,2014,2 Mo,0.0004,2
11943,2014,3 Mo,0.0004,3
16837,2014,4 Mo,0.0011,4
21731,2014,6 Mo,0.0011,6
26625,2014,1 Yr,0.0023,12
31519,2014,2 Yr,0.0064,24
36413,2014,3 Yr,0.010700000000000001,36
41307,2014,5 Yr,0.0163,60
46201,2014,7 Yr,0.0197,84
51095,2014,10 Yr,0.0222,120
55989,2014,20 Yr,0.0258,240
60883,2014,30 Yr,0.0287,360
1910,2015,1 Mo,0.0019,1
6804,2015,2 Mo,0.0021,2
11698,2015,3 Mo,0.0021,3
16592,2015,4 Mo,0.0042,4
21486,2015,6 Mo,0.0042,6
26380,2015,1 Yr,0.0051,12
31274,2015,2 Yr,0.0091,24
36168,2015,3 Yr,0.011899999999999999,36
41062,2015,5 Yr,0.0159,60
45956,2015,7 Yr,0.019299999999999998,84
50850,2015,10 Yr,0.0215,120
55744,2015,20 Yr,0.0255,240
60638,2015,30 Yr,0.0291,360
1909,2015,1 Mo,0.0019,1
6803,2015,2 Mo,0.0021,2
11697,2015,3 Mo,0.0021,3
16591,2015,4 Mo,0.0042,4
21485,2015,6 Mo,0.0042,6
26379,2015,1 Yr,0.0052,12
31273,2015,2 Yr,0.009399999999999999,24
36167,2015,3 Yr,0.0123,36
41061,2015,5 Yr,0.0163,60
45955,2015,7 Yr,0.0197,84
50849,2015,10 Yr,0.0218,120
55743,2015,20 Yr,0.0255,240
60637,2015,30 Yr,0.0291,360
1908,2015,1 Mo,0.0018,1
6802,2015,2 Mo,0.0021,2
11696,2015,3 Mo,0.0021,3
16590,2015,4 Mo,0.0045000000000000005,4
21484,2015,6 Mo,0.0045000000000000005,6
26378,2015,1 Yr,0.005699999999999999,12
31272,2015,2 Yr,0.0096,24
36166,2015,3 Yr,0.0127,36
41060,2015,5 Yr,0.0174,60
45954,2015,7 Yr,0.021,84
50848,2015,10 Yr,0.0233,120
55742,2015,20 Yr,0.027200000000000002,240
60636,2015,30 Yr,0.030699999999999998,360
1907,2015,1 Mo,0.0017000000000000001,1
6801,2015,2 Mo,0.0023,2
11695,2015,3 Mo,0.0023,3
16589,2015,4 Mo,0.0049,4
21483,2015,6 Mo,0.0049,6
26377,2015,1 Yr,0.006,12
31271,2015,2 Yr,0.0096,24
36165,2015,3 Yr,0.0125,36
41059,2015,5 Yr,0.0171,60
45953,2015,7 Yr,0.0206,84
50847,2015,10 Yr,0.022799999999999997,120
55741,2015,20 Yr,0.0265,240
60635,2015,30 Yr,0.0301,360
1926,2015,1 Mo,0.0004,1
6820,2015,2 Mo,0.0005,2
11714,2015,3 Mo,0.0005,3
16608,2015,4 Mo,0.0027,4
21502,2015,6 Mo,0.0027,6
26396,2015,1 Yr,0.0042,12
31290,2015,2 Yr,0.0085,24
36184,2015,3 Yr,0.0116,36
41078,2015,5 Yr,0.0165,60
45972,2015,7 Yr,0.02,84
50866,2015,10 Yr,0.0226,120
55760,2015,20 Yr,0.0268,240
60654,2015,30 Yr,0.0301,360
1925,2015,1 Mo,0.0004,1
6819,2015,2 Mo,0.0008,2
11713,2015,3 Mo,0.0008,3
16607,2015,4 Mo,0.0032,4
21501,2015,6 Mo,0.0032,6
26395,2015,1 Yr,0.004699999999999999,12
31289,2015,2 Yr,0.009000000000000001,24
36183,2015,3 Yr,0.0123,36
41077,2015,5 Yr,0.0173,60
45971,2015,7 Yr,0.0209,84
50865,2015,10 Yr,0.023399999999999997,120
55759,2015,20 Yr,0.0276,240
60653,2015,30 Yr,0.030899999999999997,360
1906,2015,1 Mo,0.0021,1
6800,2015,2 Mo,0.0029,2
11694,2015,3 Mo,0.0029,3
16588,2015,4 Mo,0.005699999999999999,4
21482,2015,6 Mo,0.005699999999999999,6
26376,2015,1 Yr,0.0067,12
31270,2015,2 Yr,0.009399999999999999,24
36164,2015,3 Yr,0.0124,36
41058,2015,5 Yr,0.0167,60
45952,2015,7 Yr,0.0202,84
50846,2015,10 Yr,0.0223,120
55740,2015,20 Yr,0.0259,240
60634,2015,30 Yr,0.029500000000000002,360
1905,2015,1 Mo,0.0023,1
6799,2015,2 Mo,0.0027,2
11693,2015,3 Mo,0.0027,3
16587,2015,4 Mo,0.0058,4
21481,2015,6 Mo,0.0058,6
26375,2015,1 Yr,0.0076,12
31269,2015,2 Yr,0.009399999999999999,24
36163,2015,3 Yr,0.0125,36
41057,2015,5 Yr,0.0168,60
45951,2015,7 Yr,0.0202,84
50845,2015,10 Yr,0.022400000000000003,120
55739,2015,20 Yr,0.026099999999999998,240
60633,2015,30 Yr,0.0297,360
1904,2015,1 Mo,0.0019,1
6798,2015,2 Mo,0.0026,2
11692,2015,3 Mo,0.0026,3
16586,2015,4 Mo,0.0053,4
21480,2015,6 Mo,0.0053,6
26374,2015,1 Yr,0.0072,12
31268,2015,2 Yr,0.009300000000000001,24
36162,2015,3 Yr,0.012199999999999999,36
41056,2015,5 Yr,0.016399999999999998,60
45950,2015,7 Yr,0.0199,84
50844,2015,10 Yr,0.0222,120
55738,2015,20 Yr,0.0259,240
60632,2015,30 Yr,0.0297,360
1659,2016,1 Mo,0.0032,1
6553,2016,2 Mo,0.0048,2
11447,2016,3 Mo,0.0048,3
16341,2016,4 Mo,0.006,4
21235,2016,6 Mo,0.006,6
26129,2016,1 Yr,0.008199999999999999,12
31023,2016,2 Yr,0.011399999999999999,24
35917,2016,3 Yr,0.014499999999999999,36
40811,2016,5 Yr,0.019,60
45705,2016,7 Yr,0.0225,84
50599,2016,10 Yr,0.0245,120
55493,2016,20 Yr,0.0282,240
60387,2016,30 Yr,0.031,360
1658,2016,1 Mo,0.0034000000000000002,1
6552,2016,2 Mo,0.0049,2
11446,2016,3 Mo,0.0049,3
16340,2016,4 Mo,0.0060999999999999995,4
21234,2016,6 Mo,0.0060999999999999995,6
26128,2016,1 Yr,0.008,12
31022,2016,2 Yr,0.0111,24
35916,2016,3 Yr,0.013999999999999999,36
40810,2016,5 Yr,0.0184,60
45704,2016,7 Yr,0.022000000000000002,84
50598,2016,10 Yr,0.024,120
55492,2016,20 Yr,0.0278,240
60386,2016,30 Yr,0.0308,360
1677,2016,1 Mo,0.0024,1
6571,2016,2 Mo,0.0038,2
11465,2016,3 Mo,0.0038,3
16359,2016,4 Mo,0.0052,4
21253,2016,6 Mo,0.0052,6
26147,2016,1 Yr,0.0064,12
31041,2016,2 Yr,0.008100000000000001,24
35935,2016,3 Yr,0.0098,36
40829,2016,5 Yr,0.0126,60
45723,2016,7 Yr,0.0158,84
50617,2016,10 Yr,0.0182,120
55511,2016,20 Yr,0.0225,240
60405,2016,30 Yr,0.026000000000000002,360
1676,2016,1 Mo,0.0025,1
6570,2016,2 Mo,0.0038,2
11464,2016,3 Mo,0.0038,3
16358,2016,4 Mo,0.0052,4
21252,2016,6 Mo,0.0052,6
26146,2016,1 Yr,0.0062,12
31040,2016,2 Yr,0.008,24
35934,2016,3 Yr,0.0095,36
40828,2016,5 Yr,0.0124,60
45722,2016,7 Yr,0.0155,84
50616,2016,10 Yr,0.0179,120
55510,2016,20 Yr,0.0222,240
60404,2016,30 Yr,0.0256,360
1657,2016,1 Mo,0.0034000000000000002,1
6551,2016,2 Mo,0.0049,2
11445,2016,3 Mo,0.0049,3
16339,2016,4 Mo,0.0063,4
21233,2016,6 Mo,0.0063,6
26127,2016,1 Yr,0.008199999999999999,12
31021,2016,2 Yr,0.0113,24
35915,2016,3 Yr,0.014199999999999999,36
40809,2016,5 Yr,0.0184,60
45703,2016,7 Yr,0.0219,84
50597,2016,10 Yr,0.0239,120
55491,2016,20 Yr,0.0276,240
60385,2016,30 Yr,0.0305,360
1656,2016,1 Mo,0.0034999999999999996,1
6550,2016,2 Mo,0.0049,2
11444,2016,3 Mo,0.0049,3
16338,2016,4 Mo,0.0063,4
21232,2016,6 Mo,0.0063,6
26126,2016,1 Yr,0.0083,12
31020,2016,2 Yr,0.011200000000000002,24
35914,2016,3 Yr,0.0141,36
40808,2016,5 Yr,0.0184,60
45702,2016,7 Yr,0.0218,84
50596,2016,10 Yr,0.0239,120
55490,2016,20 Yr,0.0277,240
60384,2016,30 Yr,0.0308,360
1655,2016,1 Mo,0.0038,1
6549,2016,2 Mo,0.0052,2
11443,2016,3 Mo,0.0052,3
16337,2016,4 Mo,0.0063,4
21231,2016,6 Mo,0.0063,6
26125,2016,1 Yr,0.0085,12
31019,2016,2 Yr,0.011000000000000001,24
35913,2016,3 Yr,0.0139,36
40807,2016,5 Yr,0.018000000000000002,60
45701,2016,7 Yr,0.021400000000000002,84
50595,2016,10 Yr,0.023399999999999997,120
55489,2016,20 Yr,0.0273,240
60383,2016,30 Yr,0.0302,360
1654,2016,1 Mo,0.0039000000000000003,1
6548,2016,2 Mo,0.0051,2
11442,2016,3 Mo,0.0051,3
16336,2016,4 Mo,0.0062,4
21230,2016,6 Mo,0.0062,6
26124,2016,1 Yr,0.0084,12
31018,2016,2 Yr,0.011200000000000002,24
35912,2016,3 Yr,0.013999999999999999,36
40806,2016,5 Yr,0.0183,60
45700,2016,7 Yr,0.022000000000000002,84
50594,2016,10 Yr,0.024,120
55488,2016,20 Yr,0.0281,240
60382,2016,30 Yr,0.031,360
1653,2016,1 Mo,0.0040999999999999995,1
6547,2016,2 Mo,0.0054,2
11441,2016,3 Mo,0.0054,3
16335,2016,4 Mo,0.0064,4
21229,2016,6 Mo,0.0064,6
26123,2016,1 Yr,0.0085,12
31017,2016,2 Yr,0.0115,24
35911,2016,3 Yr,0.0143,36
40805,2016,5 Yr,0.0189,60
45699,2016,7 Yr,0.0226,84
50593,2016,10 Yr,0.024700000000000003,120
55487,2016,20 Yr,0.0287,240
60381,2016,30 Yr,0.0316,360
1408,2017,1 Mo,0.011399999999999999,1
6302,2017,2 Mo,0.0127,2
11196,2017,3 Mo,0.0127,3
16090,2017,4 Mo,0.014499999999999999,4
20984,2017,6 Mo,0.014499999999999999,6
25878,2017,1 Yr,0.016200000000000003,12
30772,2017,2 Yr,0.0178,24
35666,2017,3 Yr,0.019,36
40560,2017,5 Yr,0.0213,60
45454,2017,7 Yr,0.022799999999999997,84
50348,2017,10 Yr,0.023700000000000002,120
55242,2017,20 Yr,0.0258,240
60136,2017,30 Yr,0.0276,360
1428,2017,1 Mo,0.0102,1
6322,2017,2 Mo,0.011699999999999999,2
11216,2017,3 Mo,0.011699999999999999,3
16110,2017,4 Mo,0.0129,4
21004,2017,6 Mo,0.0129,6
25898,2017,1 Yr,0.0146,12
30792,2017,2 Yr,0.0161,24
35686,2017,3 Yr,0.0173,36
40580,2017,5 Yr,0.02,60
45474,2017,7 Yr,0.022099999999999998,84
50368,2017,10 Yr,0.0235,120
55262,2017,20 Yr,0.026099999999999998,240
60156,2017,30 Yr,0.028300000000000002,360
1427,2017,1 Mo,0.0102,1
6321,2017,2 Mo,0.0118,2
11215,2017,3 Mo,0.0118,3
16109,2017,4 Mo,0.0131,4
21003,2017,6 Mo,0.0131,6
25897,2017,1 Yr,0.0149,12
30791,2017,2 Yr,0.0163,24
35685,2017,3 Yr,0.0174,36
40579,2017,5 Yr,0.0199,60
45473,2017,7 Yr,0.0219,84
50367,2017,10 Yr,0.023399999999999997,120
55261,2017,20 Yr,0.0259,240
60155,2017,30 Yr,0.0282,360
1407,2017,1 Mo,0.0116,1
6301,2017,2 Mo,0.0129,2
11195,2017,3 Mo,0.0129,3
16089,2017,4 Mo,0.014499999999999999,4
20983,2017,6 Mo,0.014499999999999999,6
25877,2017,1 Yr,0.0166,12
30771,2017,2 Yr,0.018000000000000002,24
35665,2017,3 Yr,0.019299999999999998,36
40559,2017,5 Yr,0.0215,60
45453,2017,7 Yr,0.0229,84
50347,2017,10 Yr,0.023700000000000002,120
55241,2017,20 Yr,0.0258,240
60135,2017,30 Yr,0.0277,360
1406,2017,1 Mo,0.0121,1
6300,2017,2 Mo,0.013000000000000001,2
11194,2017,3 Mo,0.013000000000000001,3
16088,2017,4 Mo,0.0148,4
20982,2017,6 Mo,0.0148,6
25876,2017,1 Yr,0.016399999999999998,12
30770,2017,2 Yr,0.0183,24
35664,2017,3 Yr,0.0194,36
40558,2017,5 Yr,0.0215,60
45452,2017,7 Yr,0.022799999999999997,84
50346,2017,10 Yr,0.0236,120
55240,2017,20 Yr,0.0255,240
60134,2017,30 Yr,0.0273,360
1405,2017,1 Mo,0.0118,1
6299,2017,2 Mo,0.013000000000000001,2
11193,2017,3 Mo,0.013000000000000001,3
16087,2017,4 Mo,0.0148,4
20981,2017,6 Mo,0.0148,6
25875,2017,1 Yr,0.0168,12
30769,2017,2 Yr,0.0178,24
35663,2017,3 Yr,0.0192,36
40557,2017,5 Yr,0.021099999999999997,60
45451,2017,7 Yr,0.0225,84
50345,2017,10 Yr,0.0233,120
55239,2017,20 Yr,0.0253,240
60133,2017,30 Yr,0.0271,360
1404,2017,1 Mo,0.0116,1
6298,2017,2 Mo,0.0129,2
11192,2017,3 Mo,0.0129,3
16086,2017,4 Mo,0.0147,4
20980,2017,6 Mo,0.0147,6
25874,2017,1 Yr,0.0167,12
30768,2017,2 Yr,0.018000000000000002,24
35662,2017,3 Yr,0.0192,36
40556,2017,5 Yr,0.021400000000000002,60
45450,2017,7 Yr,0.0229,84
50344,2017,10 Yr,0.023700000000000002,120
55238,2017,20 Yr,0.0258,240
60132,2017,30 Yr,0.0276,360
1403,2017,1 Mo,0.011399999999999999,1
6297,2017,2 Mo,0.0128,2
11191,2017,3 Mo,0.0128,3
16085,2017,4 Mo,0.014499999999999999,4
20979,2017,6 Mo,0.014499999999999999,6
25873,2017,1 Yr,0.0165,12
30767,2017,2 Yr,0.018000000000000002,24
35661,2017,3 Yr,0.0192,36
40555,2017,5 Yr,0.021400000000000002,60
45449,2017,7 Yr,0.0229,84
50343,2017,10 Yr,0.023799999999999998,120
55237,2017,20 Yr,0.0259,240
60131,2017,30 Yr,0.0277,360
1423,2017,1 Mo,0.010700000000000001,1
6317,2017,2 Mo,0.0124,2
11211,2017,3 Mo,0.0124,3
16105,2017,4 Mo,0.013600000000000001,4
20999,2017,6 Mo,0.013600000000000001,6
25893,2017,1 Yr,0.015300000000000001,12
30787,2017,2 Yr,0.0163,24
35681,2017,3 Yr,0.0175,36
40575,2017,5 Yr,0.020099999999999996,60
45469,2017,7 Yr,0.022000000000000002,84
50363,2017,10 Yr,0.0233,120
55257,2017,20 Yr,0.0259,240
60151,2017,30 Yr,0.0281,360
1178,2018,1 Mo,0.022099999999999998,1
6072,2018,2 Mo,0.022799999999999997,2
10966,2018,3 Mo,0.0232,3
15860,2018,4 Mo,0.024900000000000002,4
20754,2018,6 Mo,0.024900000000000002,6
25648,2018,1 Yr,0.026699999999999998,12
30542,2018,2 Yr,0.028399999999999998,24
35436,2018,3 Yr,0.0291,36
40330,2018,5 Yr,0.0296,60
45224,2018,7 Yr,0.030600000000000002,84
50118,2018,10 Yr,0.031400000000000004,120
55012,2018,20 Yr,0.0329,240
59906,2018,30 Yr,0.0338,360
1177,2018,1 Mo,0.0219,1
6071,2018,2 Mo,0.022799999999999997,2
10965,2018,3 Mo,0.0233,3
15859,2018,4 Mo,0.025,4
20753,2018,6 Mo,0.025,6
25647,2018,1 Yr,0.027000000000000003,12
30541,2018,2 Yr,0.0291,24
35435,2018,3 Yr,0.0298,36
40329,2018,5 Yr,0.0304,60
45223,2018,7 Yr,0.0313,84
50117,2018,10 Yr,0.0322,120
55011,2018,20 Yr,0.0337,240
59905,2018,30 Yr,0.0346,360
1158,2018,1 Mo,0.023,1
6052,2018,2 Mo,0.0235,2
10946,2018,3 Mo,0.023799999999999998,3
15840,2018,4 Mo,0.0256,4
20734,2018,6 Mo,0.0256,6
25628,2018,1 Yr,0.027200000000000002,12
30522,2018,2 Yr,0.028300000000000002,24
35416,2018,3 Yr,0.028399999999999998,36
40310,2018,5 Yr,0.028300000000000002,60
45204,2018,7 Yr,0.028999999999999998,84
50098,2018,10 Yr,0.0298,120
54992,2018,20 Yr,0.0315,240
59886,2018,30 Yr,0.0327,360
1157,2018,1 Mo,0.023700000000000002,1
6051,2018,2 Mo,0.0242,2
10945,2018,3 Mo,0.0242,3
15839,2018,4 Mo,0.0258,4
20733,2018,6 Mo,0.0258,6
25627,2018,1 Yr,0.0271,12
30521,2018,2 Yr,0.027999999999999997,24
35415,2018,3 Yr,0.0281,36
40309,2018,5 Yr,0.0279,60
45203,2018,7 Yr,0.028399999999999998,84
50097,2018,10 Yr,0.0291,120
54991,2018,20 Yr,0.0305,240
59885,2018,30 Yr,0.0316,360
1176,2018,1 Mo,0.022000000000000002,1
6070,2018,2 Mo,0.0229,2
10964,2018,3 Mo,0.0236,3
15858,2018,4 Mo,0.025099999999999997,4
20752,2018,6 Mo,0.025099999999999997,6
25646,2018,1 Yr,0.0271,12
30540,2018,2 Yr,0.0291,24
35434,2018,3 Yr,0.029900000000000003,36
40328,2018,5 Yr,0.030299999999999997,60
45222,2018,7 Yr,0.031200000000000002,84
50116,2018,10 Yr,0.032,120
55010,2018,20 Yr,0.0334,240
59904,2018,30 Yr,0.034300000000000004,360
1156,2018,1 Mo,0.0236,1
6050,2018,2 Mo,0.0242,2
10944,2018,3 Mo,0.0241,3
15838,2018,4 Mo,0.0256,4
20732,2018,6 Mo,0.0256,6
25626,2018,1 Yr,0.027000000000000003,12
30520,2018,2 Yr,0.0275,24
35414,2018,3 Yr,0.0276,36
40308,2018,5 Yr,0.0275,60
45202,2018,7 Yr,0.027999999999999997,84
50096,2018,10 Yr,0.0287,120
54990,2018,20 Yr,0.0301,240
59884,2018,30 Yr,0.031400000000000004,360
1155,2018,1 Mo,0.0232,1
6049,2018,2 Mo,0.024,2
10943,2018,3 Mo,0.024,3
15837,2018,4 Mo,0.0254,4
20731,2018,6 Mo,0.0254,6
25625,2018,1 Yr,0.0268,12
30519,2018,2 Yr,0.027200000000000002,24
35413,2018,3 Yr,0.027200000000000002,36
40307,2018,5 Yr,0.027000000000000003,60
45201,2018,7 Yr,0.0277,84
50095,2018,10 Yr,0.0285,120
54989,2018,20 Yr,0.0301,240
59883,2018,30 Yr,0.031400000000000004,360
1173,2018,1 Mo,0.022099999999999998,1
6067,2018,2 Mo,0.0229,2
10961,2018,3 Mo,0.0235,3
15855,2018,4 Mo,0.0252,4
20749,2018,6 Mo,0.0252,6
25643,2018,1 Yr,0.0274,12
30537,2018,2 Yr,0.0298,24
35431,2018,3 Yr,0.0305,36
40325,2018,5 Yr,0.030899999999999997,60
45219,2018,7 Yr,0.0317,84
50113,2018,10 Yr,0.032400000000000005,120
55007,2018,20 Yr,0.0336,240
59901,2018,30 Yr,0.034300000000000004,360
1172,2018,1 Mo,0.022099999999999998,1
6066,2018,2 Mo,0.023,2
10960,2018,3 Mo,0.0236,3
15854,2018,4 Mo,0.0252,4
20748,2018,6 Mo,0.0252,6
25642,2018,1 Yr,0.0273,12
30536,2018,2 Yr,0.0294,24
35430,2018,3 Yr,0.0301,36
40324,2018,5 Yr,0.0305,60
45218,2018,7 Yr,0.0313,84
50112,2018,10 Yr,0.0319,120
55006,2018,20 Yr,0.0332,240
59900,2018,30 Yr,0.034,360
929,2019,1 Mo,0.0158,1
5823,2019,2 Mo,0.0158,2
10717,2019,3 Mo,0.0152,3
15611,2019,4 Mo,0.0155,4
20505,2019,6 Mo,0.0155,6
25399,2019,1 Yr,0.015300000000000001,12
30293,2019,2 Yr,0.015600000000000001,24
35187,2019,3 Yr,0.0155,36
40081,2019,5 Yr,0.0155,60
44975,2019,7 Yr,0.0163,84
49869,2019,10 Yr,0.0173,120
54763,2019,20 Yr,0.0203,240
59657,2019,30 Yr,0.022099999999999998,360
910,2019,1 Mo,0.016,1
5804,2019,2 Mo,0.0158,2
10698,2019,3 Mo,0.016,3
15592,2019,4 Mo,0.016200000000000003,4
20486,2019,6 Mo,0.016200000000000003,6
25380,2019,1 Yr,0.016,12
30274,2019,2 Yr,0.0161,24
35168,2019,3 Yr,0.0163,36
40062,2019,5 Yr,0.0165,60
44956,2019,7 Yr,0.0177,84
49850,2019,10 Yr,0.0183,120
54744,2019,20 Yr,0.0215,240
59638,2019,30 Yr,0.022799999999999997,360
909,2019,1 Mo,0.015600000000000001,1
5803,2019,2 Mo,0.0154,2
10697,2019,3 Mo,0.015700000000000002,3
15591,2019,4 Mo,0.015700000000000002,4
20485,2019,6 Mo,0.015700000000000002,6
25379,2019,1 Yr,0.015700000000000002,12
30273,2019,2 Yr,0.015300000000000001,24
35167,2019,3 Yr,0.0154,36
40061,2019,5 Yr,0.0154,60
44955,2019,7 Yr,0.0165,84
49849,2019,10 Yr,0.0172,120
54743,2019,20 Yr,0.0203,240
59637,2019,30 Yr,0.0217,360
908,2019,1 Mo,0.0159,1
5802,2019,2 Mo,0.0154,2
10696,2019,3 Mo,0.0155,3
15590,2019,4 Mo,0.015600000000000001,4
20484,2019,6 Mo,0.015600000000000001,6
25378,2019,1 Yr,0.015600000000000001,12
30272,2019,2 Yr,0.0158,24
35166,2019,3 Yr,0.0158,36
40060,2019,5 Yr,0.016,60
44954,2019,7 Yr,0.0171,84
49848,2019,10 Yr,0.0177,120
54742,2019,20 Yr,0.0208,240
59636,2019,30 Yr,0.0222,360
907,2019,1 Mo,0.0152,1
5801,2019,2 Mo,0.015600000000000001,2
10695,2019,3 Mo,0.0154,3
15589,2019,4 Mo,0.0155,4
20483,2019,6 Mo,0.0155,6
25377,2019,1 Yr,0.015600000000000001,12
30271,2019,2 Yr,0.0158,24
35165,2019,3 Yr,0.016,36
40059,2019,5 Yr,0.016200000000000003,60
44953,2019,7 Yr,0.0173,84
49847,2019,10 Yr,0.018000000000000002,120
54741,2019,20 Yr,0.021099999999999997,240
59635,2019,30 Yr,0.022400000000000003,360
906,2019,1 Mo,0.0152,1
5800,2019,2 Mo,0.0155,2
10694,2019,3 Mo,0.015300000000000001,3
15588,2019,4 Mo,0.015600000000000001,4
20482,2019,6 Mo,0.015600000000000001,6
25376,2019,1 Yr,0.015700000000000002,12
30270,2019,2 Yr,0.0161,24
35164,2019,3 Yr,0.016399999999999998,36
40058,2019,5 Yr,0.0167,60
44952,2019,7 Yr,0.0178,84
49846,2019,10 Yr,0.0184,120
54740,2019,20 Yr,0.021400000000000002,240
59634,2019,30 Yr,0.0229,360
925,2019,1 Mo,0.015700000000000002,1
5819,2019,2 Mo,0.015700000000000002,2
10713,2019,3 Mo,0.015600000000000001,3
15607,2019,4 Mo,0.0158,4
20501,2019,6 Mo,0.0158,6
25395,2019,1 Yr,0.0158,12
30289,2019,2 Yr,0.0168,24
35183,2019,3 Yr,0.017,36
40077,2019,5 Yr,0.0174,60
44971,2019,7 Yr,0.0184,84
49865,2019,10 Yr,0.0192,120
54759,2019,20 Yr,0.022400000000000003,240
59653,2019,30 Yr,0.024,360
924,2019,1 Mo,0.015600000000000001,1
5818,2019,2 Mo,0.015600000000000001,2
10712,2019,3 Mo,0.0155,3
15606,2019,4 Mo,0.0158,4
20500,2019,6 Mo,0.0158,6
25394,2019,1 Yr,0.0158,12
30288,2019,2 Yr,0.0168,24
35182,2019,3 Yr,0.017,36
40076,2019,5 Yr,0.0174,60
44970,2019,7 Yr,0.018600000000000002,84
49864,2019,10 Yr,0.0194,120
54758,2019,20 Yr,0.0227,240
59652,2019,30 Yr,0.024300000000000002,360
905,2019,1 Mo,0.0154,1
5799,2019,2 Mo,0.0154,2
10693,2019,3 Mo,0.0154,3
15587,2019,4 Mo,0.0158,4
20481,2019,6 Mo,0.0158,6
25375,2019,1 Yr,0.015600000000000001,12
30269,2019,2 Yr,0.0163,24
35163,2019,3 Yr,0.0163,36
40057,2019,5 Yr,0.0167,60
44951,2019,7 Yr,0.0177,84
49845,2019,10 Yr,0.0183,120
54739,2019,20 Yr,0.0213,240
59633,2019,30 Yr,0.0227,360
660,2020,1 Mo,0.0007000000000000001,1
5554,2020,2 Mo,0.0007000000000000001,2
10448,2020,3 Mo,0.0009,3
15342,2020,4 Mo,0.001,4
20236,2020,6 Mo,0.001,6
25130,2020,1 Yr,0.0012,12
30024,2020,2 Yr,0.0017000000000000001,24
34918,2020,3 Yr,0.0022,36
39812,2020,5 Yr,0.0042,60
44706,2020,7 Yr,0.0068000000000000005,84
49600,2020,10 Yr,0.0092,120
54494,2020,20 Yr,0.0146,240
59388,2020,30 Yr,0.0166,360
659,2020,1 Mo,0.0007000000000000001,1
5553,2020,2 Mo,0.0008,2
10447,2020,3 Mo,0.0009,3
15341,2020,4 Mo,0.001,4
20235,2020,6 Mo,0.001,6
25129,2020,1 Yr,0.0011,12
30023,2020,2 Yr,0.0016,24
34917,2020,3 Yr,0.0022,36
39811,2020,5 Yr,0.0042,60
44705,2020,7 Yr,0.0069,84
49599,2020,10 Yr,0.0095,120
54493,2020,20 Yr,0.015,240
59387,2020,30 Yr,0.017,360
658,2020,1 Mo,0.0008,1
5552,2020,2 Mo,0.0008,2
10446,2020,3 Mo,0.0008,3
15340,2020,4 Mo,0.0009,4
20234,2020,6 Mo,0.0009,6
25128,2020,1 Yr,0.001,12
30022,2020,2 Yr,0.0016,24
34916,2020,3 Yr,0.0021,36
39810,2020,5 Yr,0.004,60
44704,2020,7 Yr,0.0067,84
49598,2020,10 Yr,0.0092,120
54492,2020,20 Yr,0.0146,240
59386,2020,30 Yr,0.0167,360
657,2020,1 Mo,0.0007000000000000001,1
5551,2020,2 Mo,0.0007000000000000001,2
10445,2020,3 Mo,0.0009,3
15339,2020,4 Mo,0.001,4
20233,2020,6 Mo,0.001,6
25127,2020,1 Yr,0.0011,12
30021,2020,2 Yr,0.0016,24
34915,2020,3 Yr,0.0021,36
39809,2020,5 Yr,0.0042,60
44703,2020,7 Yr,0.006999999999999999,84
49597,2020,10 Yr,0.0097,120
54491,2020,20 Yr,0.015300000000000001,240
59385,2020,30 Yr,0.0173,360
676,2020,1 Mo,0.0009,1
5570,2020,2 Mo,0.001,2
10464,2020,3 Mo,0.001,3
15358,2020,4 Mo,0.001,4
20252,2020,6 Mo,0.001,6
25146,2020,1 Yr,0.0012,12
30040,2020,2 Yr,0.0014000000000000002,24
34934,2020,3 Yr,0.0018,36
39828,2020,5 Yr,0.0033,60
44722,2020,7 Yr,0.005600000000000001,84
49616,2020,10 Yr,0.0079,120
54510,2020,20 Yr,0.0132,240
59404,2020,30 Yr,0.0154,360
675,2020,1 Mo,0.001,1
5569,2020,2 Mo,0.001,2
10463,2020,3 Mo,0.001,3
15357,2020,4 Mo,0.0011,4
20251,2020,6 Mo,0.0011,6
25145,2020,1 Yr,0.0012,12
30039,2020,2 Yr,0.0016,24
34933,2020,3 Yr,0.0021,36
39827,2020,5 Yr,0.0036,60
44721,2020,7 Yr,0.0059,84
49615,2020,10 Yr,0.0083,120
54509,2020,20 Yr,0.0137,240
59403,2020,30 Yr,0.016,360
656,2020,1 Mo,0.0009,1
5550,2020,2 Mo,0.0008,2
10444,2020,3 Mo,0.0008,3
15338,2020,4 Mo,0.001,4
20232,2020,6 Mo,0.001,6
25126,2020,1 Yr,0.001,12
30020,2020,2 Yr,0.0014000000000000002,24
34914,2020,3 Yr,0.002,36
39808,2020,5 Yr,0.004,60
44702,2020,7 Yr,0.0067,84
49596,2020,10 Yr,0.009399999999999999,120
54490,2020,20 Yr,0.0149,240
59384,2020,30 Yr,0.0169,360
655,2020,1 Mo,0.0008,1
5549,2020,2 Mo,0.0008,2
10443,2020,3 Mo,0.0009,3
15337,2020,4 Mo,0.0009,4
20231,2020,6 Mo,0.0009,6
25125,2020,1 Yr,0.001,12
30019,2020,2 Yr,0.0014000000000000002,24
34913,2020,3 Yr,0.002,36
39807,2020,5 Yr,0.0039000000000000003,60
44701,2020,7 Yr,0.006500000000000001,84
49595,2020,10 Yr,0.0092,120
54489,2020,20 Yr,0.0146,240
59383,2020,30 Yr,0.0167,360
654,2020,1 Mo,0.0007000000000000001,1
5548,2020,2 Mo,0.0007000000000000001,2
10442,2020,3 Mo,0.0008,3
15336,2020,4 Mo,0.0009,4
20230,2020,6 Mo,0.0009,6
25124,2020,1 Yr,0.001,12
30018,2020,2 Yr,0.0016,24
34912,2020,3 Yr,0.0021,36
39806,2020,5 Yr,0.0040999999999999995,60
44700,2020,7 Yr,0.0068000000000000005,84
49594,2020,10 Yr,0.0095,120
54488,2020,20 Yr,0.0148,240
59382,2020,30 Yr,0.0169,360
409,2021,1 Mo,0.0009,1
5303,2021,2 Mo,0.0004,2
10197,2021,3 Mo,0.0006,3
15091,2021,4 Mo,0.001,4
19985,2021,6 Mo,0.001,6
24879,2021,1 Yr,0.0025,12
29773,2021,2 Yr,0.005600000000000001,24
34667,2021,3 Yr,0.0085,36
39561,2021,5 Yr,0.0115,60
44455,2021,7 Yr,0.013500000000000002,84
49349,2021,10 Yr,0.0143,120
54243,2021,20 Yr,0.0184,240
59137,2021,30 Yr,0.0177,360
408,2021,1 Mo,0.0005,1
5302,2021,2 Mo,0.0005,2
10196,2021,3 Mo,0.0005,3
15090,2021,4 Mo,0.0009,4
19984,2021,6 Mo,0.0009,6
24878,2021,1 Yr,0.0027,12
29772,2021,2 Yr,0.0063,24
34666,2021,3 Yr,0.009000000000000001,36
39560,2021,5 Yr,0.0121,60
44454,2021,7 Yr,0.0138,84
49348,2021,10 Yr,0.0144,120
54242,2021,20 Yr,0.0187,240
59136,2021,30 Yr,0.0176,360
407,2021,1 Mo,0.0004,1
5301,2021,2 Mo,0.0005,2
10195,2021,3 Mo,0.0006,3
15089,2021,4 Mo,0.0009,4
19983,2021,6 Mo,0.0009,6
24877,2021,1 Yr,0.0026,12
29771,2021,2 Yr,0.006,24
34665,2021,3 Yr,0.0086,36
39559,2021,5 Yr,0.0113,60
44453,2021,7 Yr,0.0129,84
49347,2021,10 Yr,0.013500000000000002,120
54241,2021,20 Yr,0.0177,240
59135,2021,30 Yr,0.0169,360
426,2021,1 Mo,0.0005,1
5320,2021,2 Mo,0.0005,2
10214,2021,3 Mo,0.0004,3
15108,2021,4 Mo,0.0007000000000000001,4
20002,2021,6 Mo,0.0007000000000000001,6
24896,2021,1 Yr,0.0014000000000000002,12
29790,2021,2 Yr,0.0040999999999999995,24
34684,2021,3 Yr,0.0069,36
39578,2021,5 Yr,0.011000000000000001,60
44472,2021,7 Yr,0.0137,84
49366,2021,10 Yr,0.015300000000000001,120
54260,2021,20 Yr,0.0196,240
59154,2021,30 Yr,0.0196,360
425,2021,1 Mo,0.0005,1
5319,2021,2 Mo,0.0006,2
10213,2021,3 Mo,0.0005,3
15107,2021,4 Mo,0.0007000000000000001,4
20001,2021,6 Mo,0.0007000000000000001,6
24895,2021,1 Yr,0.0014000000000000002,12
29789,2021,2 Yr,0.0039000000000000003,24
34683,2021,3 Yr,0.0066,36
39577,2021,5 Yr,0.0104,60
44471,2021,7 Yr,0.013000000000000001,84
49365,2021,10 Yr,0.014499999999999999,120
54259,2021,20 Yr,0.018799999999999997,240
59153,2021,30 Yr,0.0187,360
406,2021,1 Mo,0.0005,1
5300,2021,2 Mo,0.0005,2
10194,2021,3 Mo,0.0005,3
15088,2021,4 Mo,0.0012,4
19982,2021,6 Mo,0.0012,6
24876,2021,1 Yr,0.0028000000000000004,12
29770,2021,2 Yr,0.006500000000000001,24
34664,2021,3 Yr,0.0091,36
39558,2021,5 Yr,0.0121,60
44452,2021,7 Yr,0.0138,84
49346,2021,10 Yr,0.0143,120
54240,2021,20 Yr,0.0184,240
59134,2021,30 Yr,0.0175,360
405,2021,1 Mo,0.0005,1
5299,2021,2 Mo,0.0006,2
10193,2021,3 Mo,0.0006,3
15087,2021,4 Mo,0.0015,4
19981,2021,6 Mo,0.0015,6
24875,2021,1 Yr,0.0031,12
29769,2021,2 Yr,0.006999999999999999,24
34663,2021,3 Yr,0.009899999999999999,36
39557,2021,5 Yr,0.0126,60
44451,2021,7 Yr,0.0143,84
49345,2021,10 Yr,0.0148,120
54239,2021,20 Yr,0.018799999999999997,240
59133,2021,30 Yr,0.018000000000000002,360
404,2021,1 Mo,0.0004,1
5298,2021,2 Mo,0.0005,2
10192,2021,3 Mo,0.0007000000000000001,3
15086,2021,4 Mo,0.0013,4
19980,2021,6 Mo,0.0013,6
24874,2021,1 Yr,0.0029,12
29768,2021,2 Yr,0.0068000000000000005,24
34662,2021,3 Yr,0.009899999999999999,36
39556,2021,5 Yr,0.0127,60
44450,2021,7 Yr,0.0144,84
49344,2021,10 Yr,0.0152,120
54238,2021,20 Yr,0.019299999999999998,240
59132,2021,30 Yr,0.0187,360
403,2021,1 Mo,0.0003,1
5297,2021,2 Mo,0.0006,2
10191,2021,3 Mo,0.0006,3
15085,2021,4 Mo,0.0012,4
19979,2021,6 Mo,0.0012,6
24873,2021,1 Yr,0.0028000000000000004,12
29767,2021,2 Yr,0.006999999999999999,24
34661,2021,3 Yr,0.009899999999999999,36
39555,2021,5 Yr,0.0126,60
44449,2021,7 Yr,0.014199999999999999,84
49343,2021,10 Yr,0.0149,120
54237,2021,20 Yr,0.0191,240
59131,2021,30 Yr,0.0187,360
159,2022,1 Mo,0.0404,1
5053,2022,2 Mo,0.0424,2
9947,2022,3 Mo,0.0433,3
14841,2022,4 Mo,0.0452,4
19735,2022,6 Mo,0.04650000000000001,6
24629,2022,1 Yr,0.0466,12
29523,2022,2 Yr,0.0425,24
34417,2022,3 Yr,0.0398,36
39311,2022,5 Yr,0.0368,60
44205,2022,7 Yr,0.0362,84
49099,2022,10 Yr,0.0353,120
53993,2022,20 Yr,0.0385,240
58887,2022,30 Yr,0.0364,360
158,2022,1 Mo,0.0391,1
5052,2022,2 Mo,0.0425,2
9946,2022,3 Mo,0.0434,3
14840,2022,4 Mo,0.0452,4
19734,2022,6 Mo,0.04650000000000001,6
24628,2022,1 Yr,0.046900000000000004,12
29522,2022,2 Yr,0.042800000000000005,24
34416,2022,3 Yr,0.039900000000000005,36
39310,2022,5 Yr,0.036699999999999997,60
44204,2022,7 Yr,0.0361,84
49098,2022,10 Yr,0.0351,120
53992,2022,20 Yr,0.0379,240
58886,2022,30 Yr,0.0356,360
177,2022,1 Mo,0.0375,1
5071,2022,2 Mo,0.0404,2
9965,2022,3 Mo,0.0425,3
14859,2022,4 Mo,0.0438,4
19753,2022,6 Mo,0.045700000000000005,6
24647,2022,1 Yr,0.0478,12
29541,2022,2 Yr,0.0471,24
34435,2022,3 Yr,0.0463,36
39329,2022,5 Yr,0.0436,60
44223,2022,7 Yr,0.0426,84
49117,2022,10 Yr,0.0414,120
54011,2022,20 Yr,0.044199999999999996,240
58905,2022,30 Yr,0.0418,360
176,2022,1 Mo,0.0373,1
5070,2022,2 Mo,0.04,2
9964,2022,3 Mo,0.0421,3
14858,2022,4 Mo,0.0436,4
19752,2022,6 Mo,0.0455,6
24646,2022,1 Yr,0.047599999999999996,12
29540,2022,2 Yr,0.0466,24
34434,2022,3 Yr,0.0458,36
39328,2022,5 Yr,0.0433,60
44222,2022,7 Yr,0.0426,84
49116,2022,10 Yr,0.0417,120
54010,2022,20 Yr,0.0449,240
58904,2022,30 Yr,0.042699999999999995,360
157,2022,1 Mo,0.0393,1
5051,2022,2 Mo,0.0425,2
9945,2022,3 Mo,0.0436,3
14839,2022,4 Mo,0.045599999999999995,4
19733,2022,6 Mo,0.0473,6
24627,2022,1 Yr,0.04769999999999999,12
29521,2022,2 Yr,0.0441,24
34415,2022,3 Yr,0.041299999999999996,36
39309,2022,5 Yr,0.038,60
44203,2022,7 Yr,0.037200000000000004,84
49097,2022,10 Yr,0.036000000000000004,120
53991,2022,20 Yr,0.0384,240
58885,2022,30 Yr,0.0362,360
156,2022,1 Mo,0.0387,1
5050,2022,2 Mo,0.04190000000000001,2
9944,2022,3 Mo,0.0437,3
14838,2022,4 Mo,0.0454,4
19732,2022,6 Mo,0.047400000000000005,6
24626,2022,1 Yr,0.0473,12
29520,2022,2 Yr,0.0434,24
34414,2022,3 Yr,0.0407,36
39308,2022,5 Yr,0.0373,60
44202,2022,7 Yr,0.0364,84
49096,2022,10 Yr,0.0351,120
53990,2022,20 Yr,0.0377,240
58884,2022,30 Yr,0.0352,360
155,2022,1 Mo,0.0379,1
5049,2022,2 Mo,0.040999999999999995,2
9943,2022,3 Mo,0.0429,3
14837,2022,4 Mo,0.0453,4
19731,2022,6 Mo,0.0472,6
24625,2022,1 Yr,0.0467,12
29519,2022,2 Yr,0.0426,24
34413,2022,3 Yr,0.0397,36
39307,2022,5 Yr,0.0362,60
44201,2022,7 Yr,0.0354,84
49095,2022,10 Yr,0.0342,120
53989,2022,20 Yr,0.0366,240
58883,2022,30 Yr,0.0342,360
154,2022,1 Mo,0.0375,1
5048,2022,2 Mo,0.041100000000000005,2
9942,2022,3 Mo,0.042800000000000005,3
14836,2022,4 Mo,0.0453,4
19730,2022,6 Mo,0.0471,6
24624,2022,1 Yr,0.0471,12
29518,2022,2 Yr,0.0431,24
34412,2022,3 Yr,0.0404,36
39306,2022,5 Yr,0.0371,60
44200,2022,7 Yr,0.0363,84
49094,2022,10 Yr,0.0348,120
53988,2022,20 Yr,0.0371,240
58882,2022,30 Yr,0.0344,360
153,2022,1 Mo,0.0381,1
5047,2022,2 Mo,0.041299999999999996,2
9941,2022,3 Mo,0.0431,3
14835,2022,4 Mo,0.0454,4
19729,2022,6 Mo,0.0472,6
24623,2022,1 Yr,0.0472,12
29517,2022,2 Yr,0.0433,24
34411,2022,3 Yr,0.0407,36
39305,2022,5 Yr,0.0375,60
44199,2022,7 Yr,0.0369,84
49093,2022,10 Yr,0.035699999999999996,120
53987,2022,20 Yr,0.0382,240
58881,2022,30 Yr,0.0356,360
34,2023,1 Mo,0.053,1
4928,2023,2 Mo,0.053899999999999997,2
9822,2023,3 Mo,0.055,3
14716,2023,4 Mo,0.055,4
19610,2023,6 Mo,0.054400000000000004,6
24504,2023,1 Yr,0.051100000000000007,12
29398,2023,2 Yr,0.0433,24
34292,2023,3 Yr,0.0398,36
39186,2023,5 Yr,0.037000000000000005,60
44080,2023,7 Yr,0.0366,84
48974,2023,10 Yr,0.0361,120
53868,2023,20 Yr,0.0398,240
58762,2023,30 Yr,0.0384,360
33,2023,1 Mo,0.0528,1
4927,2023,2 Mo,0.053899999999999997,2
9821,2023,3 Mo,0.055,3
14715,2023,4 Mo,0.0552,4
19609,2023,6 Mo,0.055,6
24503,2023,1 Yr,0.052199999999999996,12
29397,2023,2 Yr,0.045,24
34291,2023,3 Yr,0.041299999999999996,36
39185,2023,5 Yr,0.0384,60
44079,2023,7 Yr,0.0378,84
48973,2023,10 Yr,0.0369,120
53867,2023,20 Yr,0.0403,240
58761,2023,30 Yr,0.0388,360
13,2023,1 Mo,0.0527,1
4907,2023,2 Mo,0.054000000000000006,2
9801,2023,3 Mo,0.054400000000000004,3
14695,2023,4 Mo,0.0552,4
19589,2023,6 Mo,0.0553,6
24483,2023,1 Yr,0.054299999999999994,12
29377,2023,2 Yr,0.049400000000000006,24
34271,2023,3 Yr,0.045599999999999995,36
39165,2023,5 Yr,0.04190000000000001,60
44059,2023,7 Yr,0.0403,84
48953,2023,10 Yr,0.038599999999999995,120
53847,2023,20 Yr,0.0408,240
58741,2023,30 Yr,0.0387,360
53,2023,1 Mo,0.0576,1
4947,2023,2 Mo,0.0524,2
9841,2023,3 Mo,0.0526,3
14735,2023,4 Mo,0.052300000000000006,4
19629,2023,6 Mo,0.0504,6
24523,2023,1 Yr,0.045899999999999996,12
29417,2023,2 Yr,0.0375,24
34311,2023,3 Yr,0.0347,36
39205,2023,5 Yr,0.0329,60
44099,2023,7 Yr,0.0332,84
48993,2023,10 Yr,0.0337,120
53887,2023,20 Yr,0.038,240
58781,2023,30 Yr,0.0373,360
12,2023,1 Mo,0.0528,1
4906,2023,2 Mo,0.0538,2
9800,2023,3 Mo,0.054400000000000004,3
14694,2023,4 Mo,0.055099999999999996,4
19588,2023,6 Mo,0.0552,6
24482,2023,1 Yr,0.054000000000000006,12
29376,2023,2 Yr,0.049400000000000006,24
34270,2023,3 Yr,0.045899999999999996,36
39164,2023,5 Yr,0.0425,60
44058,2023,7 Yr,0.041100000000000005,84
48952,2023,10 Yr,0.0395,120
53846,2023,20 Yr,0.0417,240
58740,2023,30 Yr,0.0395,360
11,2023,1 Mo,0.053200000000000004,1
4905,2023,2 Mo,0.0547,2
9799,2023,3 Mo,0.0546,3
14693,2023,4 Mo,0.0552,4
19587,2023,6 Mo,0.0554,6
24481,2023,1 Yr,0.054400000000000004,12
29375,2023,2 Yr,0.0499,24
34269,2023,3 Yr,0.046799999999999994,36
39163,2023,5 Yr,0.0437,60
44057,2023,7 Yr,0.042199999999999994,84
48951,2023,10 Yr,0.0405,120
53845,2023,20 Yr,0.042300000000000004,240
58739,2023,30 Yr,0.0401,360
0,2023,1 Mo,0.054299999999999994,1
4894,2023,2 Mo,0.0554,2
9788,2023,3 Mo,0.055,3
14682,2023,4 Mo,0.0554,4
19576,2023,6 Mo,0.0553,6
24470,2023,1 Yr,0.0535,12
29364,2023,2 Yr,0.0482,24
34258,2023,3 Yr,0.0444,36
39152,2023,5 Yr,0.0409,60
44046,2023,7 Yr,0.0397,84
48940,2023,10 Yr,0.0384,120
53834,2023,20 Yr,0.040999999999999995,240
58728,2023,30 Yr,0.0391,360
29,2023,1 Mo,0.0525,1
4923,2023,2 Mo,0.0529,2
9817,2023,3 Mo,0.0538,3
14711,2023,4 Mo,0.0542,4
19605,2023,6 Mo,0.053899999999999997,6
24499,2023,1 Yr,0.0512,12
29393,2023,2 Yr,0.0452,24
34287,2023,3 Yr,0.0417,36
39181,2023,5 Yr,0.0387,60
44075,2023,7 Yr,0.038,84
48969,2023,10 Yr,0.0373,120
53863,2023,20 Yr,0.0405,240
58757,2023,30 Yr,0.038900000000000004,360
28,2023,1 Mo,0.0525,1
4922,2023,2 Mo,0.053200000000000004,2
9816,2023,3 Mo,0.0537,3
14710,2023,4 Mo,0.0545,4
19604,2023,6 Mo,0.053899999999999997,6
24498,2023,1 Yr,0.051699999999999996,12
29392,2023,2 Yr,0.045899999999999996,24
34286,2023,3 Yr,0.042300000000000004,36
39180,2023,5 Yr,0.0392,60
44074,2023,7 Yr,0.0384,84
48968,2023,10 Yr,0.0375,120
53862,2023,20 Yr,0.0405,240
58756,2023,30 Yr,0.038900000000000004,360
