,Date,Location,Inactivity Type,Value,Total Population,Inactive
0,2004-12,Glasgow City,Total Economically Inactive,120600.0,377400.0,0.3195548489666137
1,2004-12,Glasgow City,Student,23600.0,377400.0,0.06253312135665076
2,2004-12,Glasgow City,Looking after family/home,27000.0,377400.0,0.07154213036565978
3,2004-12,Glasgow City,Temporary sick,4900.0,377400.0,0.012983571807101218
4,2004-12,Glasgow City,Long-term sick,46300.0,377400.0,0.1226815050344462
5,2004-12,Glasgow City,Economically Discouraged,0.0,377400.0,0.0
6,2004-12,Glasgow City,Retired,10400.0,377400.0,0.02755696873343932
7,2004-12,Glasgow City,Other,8200.0,377400.0,0.02172760996290408
8,2005-03,Glasgow City,Total Economically Inactive,120600.0,377800.0,0.31921651667548967
9,2005-03,Glasgow City,Student,23700.0,377800.0,0.06273160402329275
10,2005-03,Glasgow City,Looking after family/home,27100.0,377800.0,0.07173107464266808
11,2005-03,Glasgow City,Temporary sick,3800.0,377800.0,0.010058231868713605
12,2005-03,Glasgow City,Long-term sick,45700.0,377800.0,0.12096347273689782
13,2005-03,Glasgow City,Economically Discouraged,0.0,377800.0,0.0
14,2005-03,Glasgow City,Retired,11600.0,377800.0,0.03070407623080995
15,2005-03,Glasgow City,Other,8500.0,377800.0,0.022498676548438328
16,2005-06,Glasgow City,Total Economically Inactive,114700.0,378200.0,0.30327868852459017
17,2005-06,Glasgow City,Student,21200.0,378200.0,0.05605499735589635
18,2005-06,Glasgow City,Looking after family/home,23600.0,378200.0,0.06240084611316764
19,2005-06,Glasgow City,Temporary sick,3200.0,378200.0,0.008461131676361713
20,2005-06,Glasgow City,Long-term sick,46800.0,378200.0,0.12374405076679006
21,2005-06,Glasgow City,Economically Discouraged,0.0,378200.0,0.0
22,2005-06,Glasgow City,Retired,11500.0,378200.0,0.030407191961924908
23,2005-06,Glasgow City,Other,8500.0,378200.0,0.0224748810153358
24,2005-09,Glasgow City,Total Economically Inactive,115900.0,379000.0,0.3058047493403694
25,2005-09,Glasgow City,Student,24100.0,379000.0,0.06358839050131926
26,2005-09,Glasgow City,Looking after family/home,23200.0,379000.0,0.06121372031662269
27,2005-09,Glasgow City,Temporary sick,2600.0,379000.0,0.006860158311345646
28,2005-09,Glasgow City,Long-term sick,45500.0,379000.0,0.12005277044854881
29,2005-09,Glasgow City,Economically Discouraged,0.0,379000.0,0.0
30,2005-09,Glasgow City,Retired,11500.0,379000.0,0.030343007915567283
31,2005-09,Glasgow City,Other,9000.0,379000.0,0.023746701846965697
32,2005-12,Glasgow City,Total Economically Inactive,113100.0,379100.0,0.29833816934845686
33,2005-12,Glasgow City,Student,23200.0,379100.0,0.06119757319968346
34,2005-12,Glasgow City,Looking after family/home,22800.0,379100.0,0.060142442627275125
35,2005-12,Glasgow City,Temporary sick,2700.0,379100.0,0.007122131363756265
36,2005-12,Glasgow City,Long-term sick,43900.0,379100.0,0.11580058032181482
37,2005-12,Glasgow City,Economically Discouraged,0.0,379100.0,0.0
38,2005-12,Glasgow City,Retired,11300.0,379100.0,0.02980743867053548
39,2005-12,Glasgow City,Other,8900.0,379100.0,0.023476655236085466
40,2006-03,Glasgow City,Total Economically Inactive,118100.0,378800.0,0.3117740232312566
41,2006-03,Glasgow City,Student,28000.0,378800.0,0.07391763463569166
42,2006-03,Glasgow City,Looking after family/home,20900.0,378800.0,0.05517423442449842
43,2006-03,Glasgow City,Temporary sick,3600.0,378800.0,0.009503695881731784
44,2006-03,Glasgow City,Long-term sick,45700.0,378800.0,0.1206441393875396
45,2006-03,Glasgow City,Economically Discouraged,0.0,378800.0,0.0
46,2006-03,Glasgow City,Retired,11200.0,378800.0,0.029567053854276663
47,2006-03,Glasgow City,Other,8500.0,378800.0,0.022439281942977826
48,2006-06,Glasgow City,Total Economically Inactive,122000.0,378700.0,0.3221547398996567
49,2006-06,Glasgow City,Student,31200.0,378700.0,0.08238711381040402
50,2006-06,Glasgow City,Looking after family/home,22700.0,378700.0,0.059941906522313175
51,2006-06,Glasgow City,Temporary sick,3600.0,378700.0,0.009506205439662001
52,2006-06,Glasgow City,Long-term sick,43900.0,378700.0,0.11592289411143385
53,2006-06,Glasgow City,Economically Discouraged,0.0,378700.0,0.0
54,2006-06,Glasgow City,Retired,10100.0,378700.0,0.02667018748349617
55,2006-06,Glasgow City,Other,9900.0,378700.0,0.026142064959070503
56,2006-09,Glasgow City,Total Economically Inactive,122800.0,380200.0,0.32298790110468173
57,2006-09,Glasgow City,Student,30100.0,380200.0,0.07916885849552867
58,2006-09,Glasgow City,Looking after family/home,22600.0,380200.0,0.05944239873750658
59,2006-09,Glasgow City,Temporary sick,2700.0,380200.0,0.0071015255128879535
60,2006-09,Glasgow City,Long-term sick,44400.0,380200.0,0.1167806417674908
61,2006-09,Glasgow City,Economically Discouraged,0.0,380200.0,0.0
62,2006-09,Glasgow City,Retired,11000.0,380200.0,0.028932140978432403
63,2006-09,Glasgow City,Other,11400.0,380200.0,0.02998421883219358
64,2006-12,Glasgow City,Total Economically Inactive,121600.0,381000.0,0.31916010498687664
65,2006-12,Glasgow City,Student,28500.0,381000.0,0.07480314960629922
66,2006-12,Glasgow City,Looking after family/home,22100.0,381000.0,0.05800524934383202
67,2006-12,Glasgow City,Temporary sick,3000.0,381000.0,0.007874015748031496
68,2006-12,Glasgow City,Long-term sick,44900.0,381000.0,0.1178477690288714
69,2006-12,Glasgow City,Economically Discouraged,0.0,381000.0,0.0
70,2006-12,Glasgow City,Retired,10800.0,381000.0,0.028346456692913385
71,2006-12,Glasgow City,Other,11800.0,381000.0,0.030971128608923884
72,2007-03,Glasgow City,Total Economically Inactive,118100.0,382300.0,0.3089196965733717
73,2007-03,Glasgow City,Student,25500.0,382300.0,0.06670154329060947
74,2007-03,Glasgow City,Looking after family/home,23500.0,382300.0,0.061470049699189115
75,2007-03,Glasgow City,Temporary sick,2500.0,382300.0,0.006539366989275438
76,2007-03,Glasgow City,Long-term sick,43800.0,382300.0,0.11456970965210568
77,2007-03,Glasgow City,Economically Discouraged,0.0,382300.0,0.0
78,2007-03,Glasgow City,Retired,10700.0,382300.0,0.027988490714098875
79,2007-03,Glasgow City,Other,11600.0,382300.0,0.030342662830238034
80,2007-06,Glasgow City,Total Economically Inactive,115100.0,383300.0,0.3002869814766501
81,2007-06,Glasgow City,Student,24800.0,383300.0,0.06470127837203235
82,2007-06,Glasgow City,Looking after family/home,20900.0,383300.0,0.05452648056352726
83,2007-06,Glasgow City,Temporary sick,2300.0,383300.0,0.006000521784503
84,2007-06,Glasgow City,Long-term sick,45000.0,383300.0,0.1174015131750587
85,2007-06,Glasgow City,Economically Discouraged,0.0,383300.0,0.0
86,2007-06,Glasgow City,Retired,11000.0,383300.0,0.02869814766501435
87,2007-06,Glasgow City,Other,11300.0,383300.0,0.02948082441951474
88,2007-09,Glasgow City,Total Economically Inactive,113000.0,383200.0,0.2948851774530271
89,2007-09,Glasgow City,Student,25900.0,383200.0,0.06758872651356994
90,2007-09,Glasgow City,Looking after family/home,22300.0,383200.0,0.058194154488517745
91,2007-09,Glasgow City,Temporary sick,3500.0,383200.0,0.009133611691022964
92,2007-09,Glasgow City,Long-term sick,43100.0,383200.0,0.11247390396659708
93,2007-09,Glasgow City,Economically Discouraged,0.0,383200.0,0.0
94,2007-09,Glasgow City,Retired,10700.0,383200.0,0.027922755741127347
95,2007-09,Glasgow City,Other,7400.0,383200.0,0.019311064718162838
96,2007-12,Glasgow City,Total Economically Inactive,117900.0,384900.0,0.3063133281371785
97,2007-12,Glasgow City,Student,28000.0,384900.0,0.07274616783580151
98,2007-12,Glasgow City,Looking after family/home,21700.0,384900.0,0.056378280072746166
99,2007-12,Glasgow City,Temporary sick,3500.0,384900.0,0.009093270979475189
100,2007-12,Glasgow City,Long-term sick,45000.0,384900.0,0.11691348402182385
101,2007-12,Glasgow City,Economically Discouraged,0.0,384900.0,0.0
102,2007-12,Glasgow City,Retired,11300.0,384900.0,0.029358274876591324
103,2007-12,Glasgow City,Other,8200.0,384900.0,0.021304234866199014
104,2008-03,Glasgow City,Total Economically Inactive,113900.0,386800.0,0.29446742502585316
105,2008-03,Glasgow City,Student,29000.0,386800.0,0.0749741468459152
106,2008-03,Glasgow City,Looking after family/home,21000.0,386800.0,0.05429162357807653
107,2008-03,Glasgow City,Temporary sick,3200.0,386800.0,0.008273009307135471
108,2008-03,Glasgow City,Long-term sick,40600.0,386800.0,0.10496380558428128
109,2008-03,Glasgow City,Economically Discouraged,0.0,386800.0,0.0
110,2008-03,Glasgow City,Retired,10000.0,386800.0,0.025853154084798345
111,2008-03,Glasgow City,Other,9400.0,386800.0,0.024301964839710446
112,2008-06,Glasgow City,Total Economically Inactive,112800.0,387600.0,0.29102167182662536
113,2008-06,Glasgow City,Student,30000.0,387600.0,0.07739938080495357
114,2008-06,Glasgow City,Looking after family/home,21500.0,387600.0,0.05546955624355005
115,2008-06,Glasgow City,Temporary sick,3000.0,387600.0,0.007739938080495356
116,2008-06,Glasgow City,Long-term sick,39400.0,387600.0,0.10165118679050568
117,2008-06,Glasgow City,Economically Discouraged,0.0,387600.0,0.0
118,2008-06,Glasgow City,Retired,9700.0,387600.0,0.02502579979360165
119,2008-06,Glasgow City,Other,8600.0,387600.0,0.02218782249742002
120,2008-09,Glasgow City,Total Economically Inactive,114500.0,389700.0,0.2938157557095201
121,2008-09,Glasgow City,Student,31800.0,389700.0,0.08160123171670516
122,2008-09,Glasgow City,Looking after family/home,20300.0,389700.0,0.0520913523222992
123,2008-09,Glasgow City,Temporary sick,3300.0,389700.0,0.008468052347959968
124,2008-09,Glasgow City,Long-term sick,40100.0,389700.0,0.10289966641005902
125,2008-09,Glasgow City,Economically Discouraged,0.0,389700.0,0.0
126,2008-09,Glasgow City,Retired,9800.0,389700.0,0.02514754939697203
127,2008-09,Glasgow City,Other,8600.0,389700.0,0.022068257634077496
128,2008-12,Glasgow City,Total Economically Inactive,119400.0,390600.0,0.30568356374807987
129,2008-12,Glasgow City,Student,33800.0,390600.0,0.08653353814644137
130,2008-12,Glasgow City,Looking after family/home,22900.0,390600.0,0.058627752176139275
131,2008-12,Glasgow City,Temporary sick,3100.0,390600.0,0.007936507936507936
132,2008-12,Glasgow City,Long-term sick,40800.0,390600.0,0.10445468509984639
133,2008-12,Glasgow City,Economically Discouraged,0.0,390600.0,0.0
134,2008-12,Glasgow City,Retired,10100.0,390600.0,0.025857654889912953
135,2008-12,Glasgow City,Other,8200.0,390600.0,0.020993343573988736
136,2009-03,Glasgow City,Total Economically Inactive,119700.0,392500.0,0.304968152866242
137,2009-03,Glasgow City,Student,35100.0,392500.0,0.08942675159235669
138,2009-03,Glasgow City,Looking after family/home,21700.0,392500.0,0.055286624203821653
139,2009-03,Glasgow City,Temporary sick,3200.0,392500.0,0.008152866242038216
140,2009-03,Glasgow City,Long-term sick,40400.0,392500.0,0.10292993630573248
141,2009-03,Glasgow City,Economically Discouraged,0.0,392500.0,0.0
142,2009-03,Glasgow City,Retired,11400.0,392500.0,0.029044585987261146
143,2009-03,Glasgow City,Other,7900.0,392500.0,0.020127388535031848
144,2009-06,Glasgow City,Total Economically Inactive,116500.0,393800.0,0.2958354494667344
145,2009-06,Glasgow City,Student,36000.0,393800.0,0.0914169629253428
146,2009-06,Glasgow City,Looking after family/home,22000.0,393800.0,0.055865921787709494
147,2009-06,Glasgow City,Temporary sick,3400.0,393800.0,0.008633824276282377
148,2009-06,Glasgow City,Long-term sick,38000.0,393800.0,0.09649568308786186
149,2009-06,Glasgow City,Economically Discouraged,0.0,393800.0,0.0
150,2009-06,Glasgow City,Retired,10800.0,393800.0,0.027425088877602845
151,2009-06,Glasgow City,Other,6300.0,393800.0,0.015997968511934992
152,2009-09,Glasgow City,Total Economically Inactive,116200.0,394000.0,0.2949238578680203
153,2009-09,Glasgow City,Student,35200.0,394000.0,0.08934010152284264
154,2009-09,Glasgow City,Looking after family/home,22500.0,394000.0,0.05710659898477157
155,2009-09,Glasgow City,Temporary sick,2900.0,394000.0,0.007360406091370559
156,2009-09,Glasgow City,Long-term sick,37700.0,394000.0,0.09568527918781726
157,2009-09,Glasgow City,Economically Discouraged,0.0,394000.0,0.0
158,2009-09,Glasgow City,Retired,10700.0,394000.0,0.02715736040609137
159,2009-09,Glasgow City,Other,6900.0,394000.0,0.01751269035532995
160,2009-12,Glasgow City,Total Economically Inactive,123000.0,395700.0,0.310841546626232
161,2009-12,Glasgow City,Student,39100.0,395700.0,0.09881223148850139
162,2009-12,Glasgow City,Looking after family/home,22800.0,395700.0,0.0576194086429113
163,2009-12,Glasgow City,Temporary sick,2400.0,395700.0,0.006065200909780136
164,2009-12,Glasgow City,Long-term sick,40800.0,395700.0,0.10310841546626232
165,2009-12,Glasgow City,Economically Discouraged,0.0,395700.0,0.0
166,2009-12,Glasgow City,Retired,11000.0,395700.0,0.02779883750315896
167,2009-12,Glasgow City,Other,6600.0,395700.0,0.016679302501895376
168,2010-03,Glasgow City,Total Economically Inactive,121900.0,395300.0,0.30837338730078423
169,2010-03,Glasgow City,Student,37000.0,395300.0,0.0935997976220592
170,2010-03,Glasgow City,Looking after family/home,25100.0,395300.0,0.06349607892739692
171,2010-03,Glasgow City,Temporary sick,2200.0,395300.0,0.005565393372122439
172,2010-03,Glasgow City,Long-term sick,41200.0,395300.0,0.10422463951429294
173,2010-03,Glasgow City,Economically Discouraged,0.0,395300.0,0.0
174,2010-03,Glasgow City,Retired,10000.0,395300.0,0.02529724260055654
175,2010-03,Glasgow City,Other,6000.0,395300.0,0.015178345560333924
176,2010-06,Glasgow City,Total Economically Inactive,124000.0,397900.0,0.311636089469716
177,2010-06,Glasgow City,Student,37300.0,397900.0,0.09374214626790651
178,2010-06,Glasgow City,Looking after family/home,24100.0,397900.0,0.060567981905001254
179,2010-06,Glasgow City,Temporary sick,1800.0,397900.0,0.004523749685850716
180,2010-06,Glasgow City,Long-term sick,43200.0,397900.0,0.1085699924604172
181,2010-06,Glasgow City,Economically Discouraged,0.0,397900.0,0.0
182,2010-06,Glasgow City,Retired,11500.0,397900.0,0.028901734104046242
183,2010-06,Glasgow City,Other,5900.0,397900.0,0.014827846192510681
184,2010-09,Glasgow City,Total Economically Inactive,127300.0,399100.0,0.3189676772738662
185,2010-09,Glasgow City,Student,36600.0,399100.0,0.09170633926334253
186,2010-09,Glasgow City,Looking after family/home,25900.0,399100.0,0.06489601603608118
187,2010-09,Glasgow City,Temporary sick,1700.0,399100.0,0.004259584064144325
188,2010-09,Glasgow City,Long-term sick,46000.0,399100.0,0.11525933350037584
189,2010-09,Glasgow City,Economically Discouraged,0.0,399100.0,0.0
190,2010-09,Glasgow City,Retired,11200.0,399100.0,0.028063142069656728
191,2010-09,Glasgow City,Other,5600.0,399100.0,0.014031571034828364
192,2010-12,Glasgow City,Total Economically Inactive,119300.0,400300.0,0.2980264801398951
193,2010-12,Glasgow City,Student,33400.0,400300.0,0.08343742193354983
194,2010-12,Glasgow City,Looking after family/home,25000.0,400300.0,0.062453160129902575
195,2010-12,Glasgow City,Temporary sick,1400.0,400300.0,0.0034973769672745443
196,2010-12,Glasgow City,Long-term sick,42200.0,400300.0,0.10542093429927554
197,2010-12,Glasgow City,Economically Discouraged,0.0,400300.0,0.0
198,2010-12,Glasgow City,Retired,11700.0,400300.0,0.029228078940794405
199,2010-12,Glasgow City,Other,5300.0,400300.0,0.013240069947539346
200,2011-03,Glasgow City,Total Economically Inactive,120600.0,402400.0,0.29970178926441354
201,2011-03,Glasgow City,Student,31700.0,402400.0,0.07877733598409543
202,2011-03,Glasgow City,Looking after family/home,25500.0,402400.0,0.06336978131212724
203,2011-03,Glasgow City,Temporary sick,1700.0,402400.0,0.004224652087475149
204,2011-03,Glasgow City,Long-term sick,44500.0,402400.0,0.11058648111332008
205,2011-03,Glasgow City,Economically Discouraged,1100.0,402400.0,0.0027335984095427437
206,2011-03,Glasgow City,Retired,11600.0,402400.0,0.02882703777335984
207,2011-03,Glasgow City,Other,4500.0,402400.0,0.011182902584493042
208,2011-06,Glasgow City,Total Economically Inactive,120400.0,402700.0,0.2989818723615595
209,2011-06,Glasgow City,Student,33100.0,402700.0,0.08219518251800348
210,2011-06,Glasgow City,Looking after family/home,24700.0,402700.0,0.061335982120685376
211,2011-06,Glasgow City,Temporary sick,2200.0,402700.0,0.005463123913583313
212,2011-06,Glasgow City,Long-term sick,42500.0,402700.0,0.10553762105785945
213,2011-06,Glasgow City,Economically Discouraged,1100.0,402700.0,0.0027315619567916563
214,2011-06,Glasgow City,Retired,10700.0,402700.0,0.0265706481251552
215,2011-06,Glasgow City,Other,6100.0,402700.0,0.015147752669481004
216,2011-09,Glasgow City,Total Economically Inactive,117200.0,404800.0,0.28952569169960474
217,2011-09,Glasgow City,Student,34100.0,404800.0,0.08423913043478261
218,2011-09,Glasgow City,Looking after family/home,21300.0,404800.0,0.052618577075098816
219,2011-09,Glasgow City,Temporary sick,2000.0,404800.0,0.004940711462450593
220,2011-09,Glasgow City,Long-term sick,40900.0,404800.0,0.10103754940711462
221,2011-09,Glasgow City,Economically Discouraged,0.0,404800.0,0.0
222,2011-09,Glasgow City,Retired,11400.0,404800.0,0.02816205533596838
223,2011-09,Glasgow City,Other,6700.0,404800.0,0.016551383399209488
224,2011-12,Glasgow City,Total Economically Inactive,115100.0,405600.0,0.28377712031558183
225,2011-12,Glasgow City,Student,33700.0,405600.0,0.08308678500986193
226,2011-12,Glasgow City,Looking after family/home,19800.0,405600.0,0.04881656804733728
227,2011-12,Glasgow City,Temporary sick,1900.0,405600.0,0.004684418145956607
228,2011-12,Glasgow City,Long-term sick,41200.0,405600.0,0.10157790927021697
229,2011-12,Glasgow City,Economically Discouraged,0.0,405600.0,0.0
230,2011-12,Glasgow City,Retired,10600.0,405600.0,0.026134122287968443
231,2011-12,Glasgow City,Other,7200.0,405600.0,0.01775147928994083
232,2012-03,Glasgow City,Total Economically Inactive,116700.0,406300.0,0.28722618754614815
233,2012-03,Glasgow City,Student,36400.0,406300.0,0.08958897366477972
234,2012-03,Glasgow City,Looking after family/home,18500.0,406300.0,0.04553285749446222
235,2012-03,Glasgow City,Temporary sick,1700.0,406300.0,0.0041841004184100415
236,2012-03,Glasgow City,Long-term sick,38800.0,406300.0,0.0954959389613586
237,2012-03,Glasgow City,Economically Discouraged,0.0,406300.0,0.0
238,2012-03,Glasgow City,Retired,12600.0,406300.0,0.031011567807039134
239,2012-03,Glasgow City,Other,8400.0,406300.0,0.02067437853802609
240,2012-06,Glasgow City,Total Economically Inactive,119600.0,406500.0,0.2942189421894219
241,2012-06,Glasgow City,Student,38200.0,406500.0,0.0939729397293973
242,2012-06,Glasgow City,Looking after family/home,18700.0,406500.0,0.04600246002460025
243,2012-06,Glasgow City,Temporary sick,1600.0,406500.0,0.0039360393603936035
244,2012-06,Glasgow City,Long-term sick,41400.0,406500.0,0.1018450184501845
245,2012-06,Glasgow City,Economically Discouraged,0.0,406500.0,0.0
246,2012-06,Glasgow City,Retired,10900.0,406500.0,0.026814268142681428
247,2012-06,Glasgow City,Other,8200.0,406500.0,0.02017220172201722
248,2012-09,Glasgow City,Total Economically Inactive,122400.0,406600.0,0.3010329562223315
249,2012-09,Glasgow City,Student,38200.0,406600.0,0.09394982784062961
250,2012-09,Glasgow City,Looking after family/home,20900.0,406600.0,0.0514018691588785
251,2012-09,Glasgow City,Temporary sick,2400.0,406600.0,0.005902606984751598
252,2012-09,Glasgow City,Long-term sick,40400.0,406600.0,0.09936055090998525
253,2012-09,Glasgow City,Economically Discouraged,1100.0,406600.0,0.0027053615346778162
254,2012-09,Glasgow City,Retired,9900.0,406600.0,0.024348253812100346
255,2012-09,Glasgow City,Other,9600.0,406600.0,0.023610427939006393
256,2012-12,Glasgow City,Total Economically Inactive,134600.0,405900.0,0.33160877063316085
257,2012-12,Glasgow City,Student,43900.0,405900.0,0.10815471791081548
258,2012-12,Glasgow City,Looking after family/home,23900.0,405900.0,0.05888149790588815
259,2012-12,Glasgow City,Temporary sick,3200.0,405900.0,0.007883715200788372
260,2012-12,Glasgow City,Long-term sick,42300.0,405900.0,0.10421286031042129
261,2012-12,Glasgow City,Economically Discouraged,1100.0,405900.0,0.0027100271002710027
262,2012-12,Glasgow City,Retired,10600.0,405900.0,0.026114806602611482
263,2012-12,Glasgow City,Other,9400.0,405900.0,0.023158413402315843
264,2013-03,Glasgow City,Total Economically Inactive,138000.0,406700.0,0.3393164494713548
265,2013-03,Glasgow City,Student,42800.0,406700.0,0.10523727563314482
266,2013-03,Glasgow City,Looking after family/home,25000.0,406700.0,0.06147037128104254
267,2013-03,Glasgow City,Temporary sick,2300.0,406700.0,0.005655274157855913
268,2013-03,Glasgow City,Long-term sick,46900.0,406700.0,0.1153184165232358
269,2013-03,Glasgow City,Economically Discouraged,1200.0,406700.0,0.0029505778214900416
270,2013-03,Glasgow City,Retired,10400.0,406700.0,0.025571674452913695
271,2013-03,Glasgow City,Other,9500.0,406700.0,0.023358741086796163
272,2013-06,Glasgow City,Total Economically Inactive,136500.0,406000.0,0.33620689655172414
273,2013-06,Glasgow City,Student,42100.0,406000.0,0.10369458128078818
274,2013-06,Glasgow City,Looking after family/home,24700.0,406000.0,0.06083743842364532
275,2013-06,Glasgow City,Temporary sick,2600.0,406000.0,0.0064039408866995075
276,2013-06,Glasgow City,Long-term sick,45900.0,406000.0,0.11305418719211822
277,2013-06,Glasgow City,Economically Discouraged,1800.0,406000.0,0.004433497536945813
278,2013-06,Glasgow City,Retired,11300.0,406000.0,0.027832512315270935
279,2013-06,Glasgow City,Other,8000.0,406000.0,0.019704433497536946
280,2013-09,Glasgow City,Total Economically Inactive,138100.0,407100.0,0.33922869073937606
281,2013-09,Glasgow City,Student,47300.0,407100.0,0.1161876688774257
282,2013-09,Glasgow City,Looking after family/home,23200.0,407100.0,0.05698845492507983
283,2013-09,Glasgow City,Temporary sick,2600.0,407100.0,0.006386637189879637
284,2013-09,Glasgow City,Long-term sick,45000.0,407100.0,0.1105379513633014
285,2013-09,Glasgow City,Economically Discouraged,2200.0,407100.0,0.005404077622205846
286,2013-09,Glasgow City,Retired,10500.0,407100.0,0.025792188651436992
287,2013-09,Glasgow City,Other,7300.0,407100.0,0.017931712110046672
288,2013-12,Glasgow City,Total Economically Inactive,123700.0,407100.0,0.30385654630311965
289,2013-12,Glasgow City,Student,38000.0,407100.0,0.09334315892901007
290,2013-12,Glasgow City,Looking after family/home,21000.0,407100.0,0.051584377302873984
291,2013-12,Glasgow City,Temporary sick,2800.0,407100.0,0.006877916973716531
292,2013-12,Glasgow City,Long-term sick,41400.0,407100.0,0.1016949152542373
293,2013-12,Glasgow City,Economically Discouraged,2500.0,407100.0,0.006140997297961189
294,2013-12,Glasgow City,Retired,9500.0,407100.0,0.023335789732252518
295,2013-12,Glasgow City,Other,8500.0,407100.0,0.02087939081306804
296,2014-03,Glasgow City,Total Economically Inactive,121600.0,405700.0,0.29972886369238355
297,2014-03,Glasgow City,Student,37300.0,405700.0,0.09193985703721962
298,2014-03,Glasgow City,Looking after family/home,20200.0,405700.0,0.04979048558047819
299,2014-03,Glasgow City,Temporary sick,4400.0,405700.0,0.010845452304658615
300,2014-03,Glasgow City,Long-term sick,39400.0,405700.0,0.09711609563717032
301,2014-03,Glasgow City,Economically Discouraged,2000.0,405700.0,0.004929751047572098
302,2014-03,Glasgow City,Retired,9900.0,405700.0,0.024402267685481885
303,2014-03,Glasgow City,Other,8300.0,405700.0,0.020458466847424205
304,2014-06,Glasgow City,Total Economically Inactive,114400.0,404600.0,0.28274839347503705
305,2014-06,Glasgow City,Student,35700.0,404600.0,0.08823529411764706
306,2014-06,Glasgow City,Looking after family/home,20400.0,404600.0,0.05042016806722689
307,2014-06,Glasgow City,Temporary sick,3300.0,404600.0,0.008156203657933762
308,2014-06,Glasgow City,Long-term sick,36800.0,404600.0,0.09095402867029165
309,2014-06,Glasgow City,Economically Discouraged,0.0,404600.0,0.0
310,2014-06,Glasgow City,Retired,8700.0,404600.0,0.021502718734552645
311,2014-06,Glasgow City,Other,8900.0,404600.0,0.02199703410776075
312,2014-09,Glasgow City,Total Economically Inactive,114700.0,404800.0,0.2833498023715415
313,2014-09,Glasgow City,Student,36300.0,404800.0,0.08967391304347826
314,2014-09,Glasgow City,Looking after family/home,19500.0,404800.0,0.04817193675889328
315,2014-09,Glasgow City,Temporary sick,3700.0,404800.0,0.009140316205533596
316,2014-09,Glasgow City,Long-term sick,36700.0,404800.0,0.09066205533596838
317,2014-09,Glasgow City,Economically Discouraged,0.0,404800.0,0.0
318,2014-09,Glasgow City,Retired,9400.0,404800.0,0.023221343873517788
319,2014-09,Glasgow City,Other,9000.0,404800.0,0.022233201581027668
320,2014-12,Glasgow City,Total Economically Inactive,116800.0,405800.0,0.2878265155248891
321,2014-12,Glasgow City,Student,34100.0,405800.0,0.08403154263183835
322,2014-12,Glasgow City,Looking after family/home,23900.0,405800.0,0.05889600788565796
323,2014-12,Glasgow City,Temporary sick,4500.0,405800.0,0.011089206505667817
324,2014-12,Glasgow City,Long-term sick,36700.0,405800.0,0.09043863972400197
325,2014-12,Glasgow City,Economically Discouraged,0.0,405800.0,0.0
326,2014-12,Glasgow City,Retired,8900.0,405800.0,0.02193198620009857
327,2014-12,Glasgow City,Other,8600.0,405800.0,0.021192705766387383
328,2015-03,Glasgow City,Total Economically Inactive,108500.0,407400.0,0.2663230240549828
329,2015-03,Glasgow City,Student,34100.0,407400.0,0.08370152184585174
330,2015-03,Glasgow City,Looking after family/home,22900.0,407400.0,0.05621011291114384
331,2015-03,Glasgow City,Temporary sick,3100.0,407400.0,0.007609229258713795
332,2015-03,Glasgow City,Long-term sick,32800.0,407400.0,0.08051055473735887
333,2015-03,Glasgow City,Economically Discouraged,0.0,407400.0,0.0
334,2015-03,Glasgow City,Retired,7400.0,407400.0,0.018163966617574866
335,2015-03,Glasgow City,Other,8100.0,407400.0,0.019882179675994108
336,2015-06,Glasgow City,Total Economically Inactive,116900.0,411400.0,0.28415167719980555
337,2015-06,Glasgow City,Student,37300.0,411400.0,0.09066601847350511
338,2015-06,Glasgow City,Looking after family/home,25000.0,411400.0,0.060768108896451144
339,2015-06,Glasgow City,Temporary sick,4600.0,411400.0,0.01118133203694701
340,2015-06,Glasgow City,Long-term sick,34400.0,411400.0,0.08361691784151677
341,2015-06,Glasgow City,Economically Discouraged,0.0,411400.0,0.0
342,2015-06,Glasgow City,Retired,8500.0,411400.0,0.02066115702479339
343,2015-06,Glasgow City,Other,7000.0,411400.0,0.01701507049100632
344,2015-09,Glasgow City,Total Economically Inactive,108900.0,411900.0,0.26438455935906774
345,2015-09,Glasgow City,Student,31600.0,411900.0,0.07671764991502791
346,2015-09,Glasgow City,Looking after family/home,23600.0,411900.0,0.05729546006312212
347,2015-09,Glasgow City,Temporary sick,4500.0,411900.0,0.010924981791697014
348,2015-09,Glasgow City,Long-term sick,32500.0,411900.0,0.07890264627336732
349,2015-09,Glasgow City,Economically Discouraged,0.0,411900.0,0.0
350,2015-09,Glasgow City,Retired,9300.0,411900.0,0.022578295702840496
351,2015-09,Glasgow City,Other,7300.0,411900.0,0.017722748239864045
352,2015-12,Glasgow City,Total Economically Inactive,111900.0,413300.0,0.2707476409387854
353,2015-12,Glasgow City,Student,35500.0,413300.0,0.08589402371158965
354,2015-12,Glasgow City,Looking after family/home,19500.0,413300.0,0.04718122429228164
355,2015-12,Glasgow City,Temporary sick,3700.0,413300.0,0.008952334865714976
356,2015-12,Glasgow City,Long-term sick,35600.0,413300.0,0.08613597870796032
357,2015-12,Glasgow City,Economically Discouraged,0.0,413300.0,0.0
358,2015-12,Glasgow City,Retired,7800.0,413300.0,0.018872489716912653
359,2015-12,Glasgow City,Other,9100.0,413300.0,0.02201790466973143
360,2016-03,Glasgow City,Total Economically Inactive,120000.0,415800.0,0.2886002886002886
361,2016-03,Glasgow City,Student,37700.0,415800.0,0.09066859066859066
362,2016-03,Glasgow City,Looking after family/home,21200.0,415800.0,0.05098605098605099
363,2016-03,Glasgow City,Temporary sick,4400.0,415800.0,0.010582010582010581
364,2016-03,Glasgow City,Long-term sick,38200.0,415800.0,0.09187109187109187
365,2016-03,Glasgow City,Economically Discouraged,0.0,415800.0,0.0
366,2016-03,Glasgow City,Retired,8000.0,415800.0,0.01924001924001924
367,2016-03,Glasgow City,Other,9700.0,415800.0,0.023328523328523327
368,2016-06,Glasgow City,Total Economically Inactive,121700.0,419800.0,0.2898999523582658
369,2016-06,Glasgow City,Student,38400.0,419800.0,0.09147212958551691
370,2016-06,Glasgow City,Looking after family/home,22100.0,419800.0,0.052644116245831346
371,2016-06,Glasgow City,Temporary sick,4000.0,419800.0,0.009528346831824679
372,2016-06,Glasgow City,Long-term sick,39400.0,419800.0,0.09385421629347308
373,2016-06,Glasgow City,Economically Discouraged,0.0,419800.0,0.0
374,2016-06,Glasgow City,Retired,7200.0,419800.0,0.01715102429728442
375,2016-06,Glasgow City,Other,9600.0,419800.0,0.022868032396379228
376,2016-09,Glasgow City,Total Economically Inactive,127000.0,422700.0,0.3004494913650343
377,2016-09,Glasgow City,Student,40500.0,422700.0,0.09581263307310149
378,2016-09,Glasgow City,Looking after family/home,23300.0,422700.0,0.05512183581736456
379,2016-09,Glasgow City,Temporary sick,3500.0,422700.0,0.008280104092737165
380,2016-09,Glasgow City,Long-term sick,39700.0,422700.0,0.09392003785190442
381,2016-09,Glasgow City,Economically Discouraged,0.0,422700.0,0.0
382,2016-09,Glasgow City,Retired,6800.0,422700.0,0.016087059380175066
383,2016-09,Glasgow City,Other,12100.0,422700.0,0.02862550272060563
384,2016-12,Glasgow City,Total Economically Inactive,119800.0,423300.0,0.2830144105835105
385,2016-12,Glasgow City,Student,40100.0,423300.0,0.09473186865107489
386,2016-12,Glasgow City,Looking after family/home,23000.0,423300.0,0.05433498700685093
387,2016-12,Glasgow City,Temporary sick,2800.0,423300.0,0.006614694070399244
388,2016-12,Glasgow City,Long-term sick,34800.0,423300.0,0.08221119773210489
389,2016-12,Glasgow City,Economically Discouraged,0.0,423300.0,0.0
390,2016-12,Glasgow City,Retired,7100.0,423300.0,0.01677297424994094
391,2016-12,Glasgow City,Other,11700.0,423300.0,0.027639971651311126
392,2017-03,Glasgow City,Total Economically Inactive,123900.0,425800.0,0.2909816815406294
393,2017-03,Glasgow City,Student,38800.0,425800.0,0.09112259276655707
394,2017-03,Glasgow City,Looking after family/home,23300.0,425800.0,0.054720526068576796
395,2017-03,Glasgow City,Temporary sick,2200.0,425800.0,0.005166744950681071
396,2017-03,Glasgow City,Long-term sick,38300.0,425800.0,0.08994833255049318
397,2017-03,Glasgow City,Economically Discouraged,0.0,425800.0,0.0
398,2017-03,Glasgow City,Retired,7600.0,425800.0,0.017848755284170972
399,2017-03,Glasgow City,Other,12700.0,425800.0,0.029826209488022545
400,2017-06,Glasgow City,Total Economically Inactive,125200.0,426600.0,0.293483356774496
401,2017-06,Glasgow City,Student,42400.0,426600.0,0.09939052977027661
402,2017-06,Glasgow City,Looking after family/home,21200.0,426600.0,0.049695264885138306
403,2017-06,Glasgow City,Temporary sick,1700.0,426600.0,0.0039849976558837315
404,2017-06,Glasgow City,Long-term sick,37100.0,426600.0,0.08696671354899203
405,2017-06,Glasgow City,Economically Discouraged,0.0,426600.0,0.0
406,2017-06,Glasgow City,Retired,8500.0,426600.0,0.01992498827941866
407,2017-06,Glasgow City,Other,13700.0,426600.0,0.032114392873886545
408,2017-09,Glasgow City,Total Economically Inactive,130500.0,429200.0,0.30405405405405406
409,2017-09,Glasgow City,Student,45700.0,429200.0,0.10647716682199442
410,2017-09,Glasgow City,Looking after family/home,22100.0,429200.0,0.05149114631873253
411,2017-09,Glasgow City,Temporary sick,1300.0,429200.0,0.0030288909599254427
412,2017-09,Glasgow City,Long-term sick,37700.0,429200.0,0.08783783783783784
413,2017-09,Glasgow City,Economically Discouraged,0.0,429200.0,0.0
414,2017-09,Glasgow City,Retired,9900.0,429200.0,0.023066169617893754
415,2017-09,Glasgow City,Other,13300.0,429200.0,0.0309878844361603
416,2017-12,Glasgow City,Total Economically Inactive,129100.0,429600.0,0.300512104283054
417,2017-12,Glasgow City,Student,44100.0,429600.0,0.1026536312849162
418,2017-12,Glasgow City,Looking after family/home,23400.0,429600.0,0.05446927374301676
419,2017-12,Glasgow City,Temporary sick,2900.0,429600.0,0.006750465549348231
420,2017-12,Glasgow City,Long-term sick,37100.0,429600.0,0.08635940409683426
421,2017-12,Glasgow City,Economically Discouraged,0.0,429600.0,0.0
422,2017-12,Glasgow City,Retired,9200.0,429600.0,0.021415270018621976
423,2017-12,Glasgow City,Other,11700.0,429600.0,0.02723463687150838
424,2018-03,Glasgow City,Total Economically Inactive,124800.0,429500.0,0.29057043073341093
425,2018-03,Glasgow City,Student,43200.0,429500.0,0.10058207217694994
426,2018-03,Glasgow City,Looking after family/home,21900.0,429500.0,0.0509895227008149
427,2018-03,Glasgow City,Temporary sick,4900.0,429500.0,0.01140861466821886
428,2018-03,Glasgow City,Long-term sick,34100.0,429500.0,0.07939464493597206
429,2018-03,Glasgow City,Economically Discouraged,0.0,429500.0,0.0
430,2018-03,Glasgow City,Retired,9200.0,429500.0,0.02142025611175786
431,2018-03,Glasgow City,Other,11100.0,429500.0,0.025844004656577414
432,2018-06,Glasgow City,Total Economically Inactive,127000.0,427000.0,0.297423887587822
433,2018-06,Glasgow City,Student,47200.0,427000.0,0.11053864168618267
434,2018-06,Glasgow City,Looking after family/home,22400.0,427000.0,0.05245901639344262
435,2018-06,Glasgow City,Temporary sick,4500.0,427000.0,0.01053864168618267
436,2018-06,Glasgow City,Long-term sick,32100.0,427000.0,0.07517564402810305
437,2018-06,Glasgow City,Economically Discouraged,0.0,427000.0,0.0
438,2018-06,Glasgow City,Retired,8000.0,427000.0,0.01873536299765808
439,2018-06,Glasgow City,Other,12500.0,427000.0,0.02927400468384075
440,2018-09,Glasgow City,Total Economically Inactive,128500.0,428000.0,0.3002336448598131
441,2018-09,Glasgow City,Student,48700.0,428000.0,0.11378504672897197
442,2018-09,Glasgow City,Looking after family/home,22700.0,428000.0,0.05303738317757009
443,2018-09,Glasgow City,Temporary sick,5400.0,428000.0,0.012616822429906542
444,2018-09,Glasgow City,Long-term sick,33300.0,428000.0,0.07780373831775701
445,2018-09,Glasgow City,Economically Discouraged,0.0,428000.0,0.0
446,2018-09,Glasgow City,Retired,7500.0,428000.0,0.017523364485981307
447,2018-09,Glasgow City,Other,10400.0,428000.0,0.024299065420560748
448,2018-12,Glasgow City,Total Economically Inactive,135200.0,430300.0,0.31419939577039274
449,2018-12,Glasgow City,Student,48400.0,430300.0,0.11247966534975598
450,2018-12,Glasgow City,Looking after family/home,22300.0,430300.0,0.051824308621891704
451,2018-12,Glasgow City,Temporary sick,3800.0,430300.0,0.008831048105972577
452,2018-12,Glasgow City,Long-term sick,36200.0,430300.0,0.08412735300952824
453,2018-12,Glasgow City,Economically Discouraged,0.0,430300.0,0.0
454,2018-12,Glasgow City,Retired,10500.0,430300.0,0.024401580292818963
455,2018-12,Glasgow City,Other,13400.0,430300.0,0.031141064373692774
456,2019-03,Glasgow City,Total Economically Inactive,129200.0,430400.0,0.30018587360594795
457,2019-03,Glasgow City,Student,46500.0,430400.0,0.10803903345724906
458,2019-03,Glasgow City,Looking after family/home,22600.0,430400.0,0.0525092936802974
459,2019-03,Glasgow City,Temporary sick,2200.0,430400.0,0.005111524163568773
460,2019-03,Glasgow City,Long-term sick,33200.0,430400.0,0.07713754646840149
461,2019-03,Glasgow City,Economically Discouraged,0.0,430400.0,0.0
462,2019-03,Glasgow City,Retired,9800.0,430400.0,0.022769516728624536
463,2019-03,Glasgow City,Other,13900.0,430400.0,0.03229553903345725
464,2019-06,Glasgow City,Total Economically Inactive,124600.0,431100.0,0.2890280677337045
465,2019-06,Glasgow City,Student,37500.0,431100.0,0.08698677800974251
466,2019-06,Glasgow City,Looking after family/home,25400.0,431100.0,0.0589190443052656
467,2019-06,Glasgow City,Temporary sick,2200.0,431100.0,0.005103224309904894
468,2019-06,Glasgow City,Long-term sick,34600.0,431100.0,0.08025980051032243
469,2019-06,Glasgow City,Economically Discouraged,1300.0,431100.0,0.003015541637671074
470,2019-06,Glasgow City,Retired,11100.0,431100.0,0.025748086290883786
471,2019-06,Glasgow City,Other,12500.0,431100.0,0.028995592669914173
472,2019-09,Glasgow City,Total Economically Inactive,121900.0,432500.0,0.281849710982659
473,2019-09,Glasgow City,Student,38800.0,432500.0,0.08971098265895953
474,2019-09,Glasgow City,Looking after family/home,26100.0,432500.0,0.06034682080924855
475,2019-09,Glasgow City,Temporary sick,1200.0,432500.0,0.0027745664739884392
476,2019-09,Glasgow City,Long-term sick,32800.0,432500.0,0.07583815028901734
477,2019-09,Glasgow City,Economically Discouraged,1600.0,432500.0,0.003699421965317919
478,2019-09,Glasgow City,Retired,10300.0,432500.0,0.023815028901734103
479,2019-09,Glasgow City,Other,11000.0,432500.0,0.025433526011560695
480,2019-12,Glasgow City,Total Economically Inactive,127100.0,433500.0,0.29319492502883504
481,2019-12,Glasgow City,Student,41000.0,433500.0,0.09457900807381776
482,2019-12,Glasgow City,Looking after family/home,25300.0,433500.0,0.05836216839677047
483,2019-12,Glasgow City,Temporary sick,1600.0,433500.0,0.003690888119953864
484,2019-12,Glasgow City,Long-term sick,34700.0,433500.0,0.08004613610149942
485,2019-12,Glasgow City,Economically Discouraged,1100.0,433500.0,0.0025374855824682814
486,2019-12,Glasgow City,Retired,10900.0,433500.0,0.0251441753171857
487,2019-12,Glasgow City,Other,12400.0,433500.0,0.028604382929642444
488,2020-03,Glasgow City,Total Economically Inactive,135400.0,432100.0,0.3133533904188845
489,2020-03,Glasgow City,Student,48700.0,432100.0,0.1127053922703078
490,2020-03,Glasgow City,Looking after family/home,24600.0,432100.0,0.05693126591066883
491,2020-03,Glasgow City,Temporary sick,1600.0,432100.0,0.0037028465632955336
492,2020-03,Glasgow City,Long-term sick,35000.0,432100.0,0.08099976857208979
493,2020-03,Glasgow City,Economically Discouraged,0.0,432100.0,0.0
494,2020-03,Glasgow City,Retired,10700.0,432100.0,0.02476278639203888
495,2020-03,Glasgow City,Other,14100.0,432100.0,0.03263133533904189
496,2020-06,Glasgow City,Total Economically Inactive,133500.0,434400.0,0.30732044198895025
497,2020-06,Glasgow City,Student,48600.0,434400.0,0.11187845303867404
498,2020-06,Glasgow City,Looking after family/home,22200.0,434400.0,0.05110497237569061
499,2020-06,Glasgow City,Temporary sick,1300.0,434400.0,0.002992633517495396
500,2020-06,Glasgow City,Long-term sick,35000.0,434400.0,0.08057090239410682
501,2020-06,Glasgow City,Economically Discouraged,0.0,434400.0,0.0
502,2020-06,Glasgow City,Retired,11000.0,434400.0,0.02532228360957643
503,2020-06,Glasgow City,Other,14900.0,434400.0,0.03430018416206262
504,2020-09,Glasgow City,Total Economically Inactive,127900.0,433800.0,0.29483633010603966
505,2020-09,Glasgow City,Student,42300.0,433800.0,0.0975103734439834
506,2020-09,Glasgow City,Looking after family/home,16900.0,433800.0,0.03895804518211157
507,2020-09,Glasgow City,Temporary sick,2100.0,433800.0,0.004840940525587829
508,2020-09,Glasgow City,Long-term sick,36200.0,433800.0,0.0834485938220378
509,2020-09,Glasgow City,Economically Discouraged,0.0,433800.0,0.0
510,2020-09,Glasgow City,Retired,12400.0,433800.0,0.02858460119870908
511,2020-09,Glasgow City,Other,16700.0,433800.0,0.038497003227293686
512,2020-12,Glasgow City,Total Economically Inactive,117600.0,436800.0,0.2692307692307692
513,2020-12,Glasgow City,Student,34200.0,436800.0,0.0782967032967033
514,2020-12,Glasgow City,Looking after family/home,18500.0,436800.0,0.042353479853479856
515,2020-12,Glasgow City,Temporary sick,0.0,436800.0,0.0
516,2020-12,Glasgow City,Long-term sick,38800.0,436800.0,0.08882783882783883
517,2020-12,Glasgow City,Economically Discouraged,0.0,436800.0,0.0
518,2020-12,Glasgow City,Retired,10700.0,436800.0,0.024496336996336996
519,2020-12,Glasgow City,Other,12900.0,436800.0,0.029532967032967032
520,2021-03,Glasgow City,Total Economically Inactive,116500.0,437900.0,0.2660424754510162
521,2021-03,Glasgow City,Student,31400.0,437900.0,0.07170586891984472
522,2021-03,Glasgow City,Looking after family/home,18100.0,437900.0,0.04133363781685316
523,2021-03,Glasgow City,Temporary sick,2700.0,437900.0,0.006165791276547157
524,2021-03,Glasgow City,Long-term sick,42000.0,437900.0,0.0959123087462891
525,2021-03,Glasgow City,Economically Discouraged,0.0,437900.0,0.0
526,2021-03,Glasgow City,Retired,9000.0,437900.0,0.020552637588490522
527,2021-03,Glasgow City,Other,12000.0,437900.0,0.027403516784654032
528,2021-06,Glasgow City,Total Economically Inactive,116100.0,436400.0,0.26604032997250227
529,2021-06,Glasgow City,Student,35700.0,436400.0,0.08180568285976168
530,2021-06,Glasgow City,Looking after family/home,20700.0,436400.0,0.047433547204399636
531,2021-06,Glasgow City,Temporary sick,2600.0,436400.0,0.005957836846929423
532,2021-06,Glasgow City,Long-term sick,38400.0,436400.0,0.08799266727772685
533,2021-06,Glasgow City,Economically Discouraged,0.0,436400.0,0.0
534,2021-06,Glasgow City,Retired,8600.0,436400.0,0.019706691109074245
535,2021-06,Glasgow City,Other,8300.0,436400.0,0.019019248395967
536,2021-09,Glasgow City,Total Economically Inactive,117000.0,436200.0,0.26822558459422285
537,2021-09,Glasgow City,Student,39200.0,436200.0,0.08986703347088491
538,2021-09,Glasgow City,Looking after family/home,23100.0,436200.0,0.05295735900962861
539,2021-09,Glasgow City,Temporary sick,0.0,436200.0,0.0
540,2021-09,Glasgow City,Long-term sick,37400.0,436200.0,0.08574048601558917
541,2021-09,Glasgow City,Economically Discouraged,0.0,436200.0,0.0
542,2021-09,Glasgow City,Retired,7500.0,436200.0,0.0171939477303989
543,2021-09,Glasgow City,Other,7400.0,436200.0,0.016964695093993582
544,2021-12,Glasgow City,Total Economically Inactive,119700.0,435400.0,0.27491961414790994
545,2021-12,Glasgow City,Student,44900.0,435400.0,0.10312356453835554
546,2021-12,Glasgow City,Looking after family/home,20800.0,435400.0,0.04777216352779054
547,2021-12,Glasgow City,Temporary sick,0.0,435400.0,0.0
548,2021-12,Glasgow City,Long-term sick,36100.0,435400.0,0.08291226458429031
549,2021-12,Glasgow City,Economically Discouraged,0.0,435400.0,0.0
550,2021-12,Glasgow City,Retired,7200.0,435400.0,0.016536518144235186
551,2021-12,Glasgow City,Other,8500.0,435400.0,0.019522278364722093
552,2022-03,Glasgow City,Total Economically Inactive,111000.0,434000.0,0.2557603686635945
553,2022-03,Glasgow City,Student,38800.0,434000.0,0.08940092165898618
554,2022-03,Glasgow City,Looking after family/home,21700.0,434000.0,0.05
555,2022-03,Glasgow City,Temporary sick,0.0,434000.0,0.0
556,2022-03,Glasgow City,Long-term sick,33500.0,434000.0,0.0771889400921659
557,2022-03,Glasgow City,Economically Discouraged,0.0,434000.0,0.0
558,2022-03,Glasgow City,Retired,7300.0,434000.0,0.016820276497695852
559,2022-03,Glasgow City,Other,8100.0,434000.0,0.018663594470046084
560,2022-06,Glasgow City,Total Economically Inactive,110200.0,435200.0,0.2532169117647059
561,2022-06,Glasgow City,Student,35400.0,435200.0,0.08134191176470588
562,2022-06,Glasgow City,Looking after family/home,20200.0,435200.0,0.04641544117647059
563,2022-06,Glasgow City,Temporary sick,3000.0,435200.0,0.006893382352941176
564,2022-06,Glasgow City,Long-term sick,33800.0,435200.0,0.07766544117647059
565,2022-06,Glasgow City,Economically Discouraged,0.0,435200.0,0.0
566,2022-06,Glasgow City,Retired,7000.0,435200.0,0.01608455882352941
567,2022-06,Glasgow City,Other,10800.0,435200.0,0.024816176470588234
568,2022-09,Glasgow City,Total Economically Inactive,110400.0,432900.0,0.255024255024255
569,2022-09,Glasgow City,Student,32100.0,432900.0,0.07415107415107415
570,2022-09,Glasgow City,Looking after family/home,22600.0,432900.0,0.052206052206052206
571,2022-09,Glasgow City,Temporary sick,3200.0,432900.0,0.007392007392007392
572,2022-09,Glasgow City,Long-term sick,33800.0,432900.0,0.07807807807807808
573,2022-09,Glasgow City,Economically Discouraged,0.0,432900.0,0.0
574,2022-09,Glasgow City,Retired,5900.0,432900.0,0.013629013629013628
575,2022-09,Glasgow City,Other,12800.0,432900.0,0.029568029568029567
576,2022-12,Glasgow City,Total Economically Inactive,109600.0,431300.0,0.25411546487363784
577,2022-12,Glasgow City,Student,29800.0,431300.0,0.06909343844191977
578,2022-12,Glasgow City,Looking after family/home,23300.0,431300.0,0.054022722003246
579,2022-12,Glasgow City,Temporary sick,3400.0,431300.0,0.007883143983306284
580,2022-12,Glasgow City,Long-term sick,32700.0,431300.0,0.07581729654532808
581,2022-12,Glasgow City,Economically Discouraged,0.0,431300.0,0.0
582,2022-12,Glasgow City,Retired,5700.0,431300.0,0.013215859030837005
583,2022-12,Glasgow City,Other,14800.0,431300.0,0.03431486204498029
584,2023-03,Glasgow City,Total Economically Inactive,110000.0,431400.0,0.25498377375985165
585,2023-03,Glasgow City,Student,37000.0,431400.0,0.08576726935558646
586,2023-03,Glasgow City,Looking after family/home,22600.0,431400.0,0.052387575336114975
587,2023-03,Glasgow City,Temporary sick,2100.0,431400.0,0.004867872044506259
588,2023-03,Glasgow City,Long-term sick,28300.0,431400.0,0.0656003708854891
589,2023-03,Glasgow City,Economically Discouraged,0.0,431400.0,0.0
590,2023-03,Glasgow City,Retired,4800.0,431400.0,0.011126564673157162
591,2023-03,Glasgow City,Other,15300.0,431400.0,0.03546592489568846
592,2004-12,Inverclyde,Total Economically Inactive,14200.0,52400.0,0.27099236641221375
593,2004-12,Inverclyde,Student,1700.0,52400.0,0.03244274809160305
594,2004-12,Inverclyde,Looking after family/home,2700.0,52400.0,0.05152671755725191
595,2004-12,Inverclyde,Temporary sick,0.0,52400.0,0.0
596,2004-12,Inverclyde,Long-term sick,6000.0,52400.0,0.11450381679389313
597,2004-12,Inverclyde,Economically Discouraged,0.0,52400.0,0.0
598,2004-12,Inverclyde,Retired,1900.0,52400.0,0.03625954198473282
599,2004-12,Inverclyde,Other,1500.0,52400.0,0.02862595419847328
600,2005-03,Inverclyde,Total Economically Inactive,14400.0,52600.0,0.2737642585551331
601,2005-03,Inverclyde,Student,1800.0,52600.0,0.034220532319391636
602,2005-03,Inverclyde,Looking after family/home,2700.0,52600.0,0.051330798479087454
603,2005-03,Inverclyde,Temporary sick,0.0,52600.0,0.0
604,2005-03,Inverclyde,Long-term sick,5900.0,52600.0,0.11216730038022814
605,2005-03,Inverclyde,Economically Discouraged,0.0,52600.0,0.0
606,2005-03,Inverclyde,Retired,2100.0,52600.0,0.039923954372623575
607,2005-03,Inverclyde,Other,1300.0,52600.0,0.024714828897338403
608,2005-06,Inverclyde,Total Economically Inactive,14500.0,52400.0,0.2767175572519084
609,2005-06,Inverclyde,Student,2000.0,52400.0,0.03816793893129771
610,2005-06,Inverclyde,Looking after family/home,2600.0,52400.0,0.04961832061068702
611,2005-06,Inverclyde,Temporary sick,0.0,52400.0,0.0
612,2005-06,Inverclyde,Long-term sick,5900.0,52400.0,0.11259541984732824
613,2005-06,Inverclyde,Economically Discouraged,0.0,52400.0,0.0
614,2005-06,Inverclyde,Retired,2000.0,52400.0,0.03816793893129771
615,2005-06,Inverclyde,Other,1300.0,52400.0,0.02480916030534351
616,2005-09,Inverclyde,Total Economically Inactive,14000.0,52600.0,0.2661596958174905
617,2005-09,Inverclyde,Student,2200.0,52600.0,0.04182509505703422
618,2005-09,Inverclyde,Looking after family/home,2500.0,52600.0,0.04752851711026616
619,2005-09,Inverclyde,Temporary sick,0.0,52600.0,0.0
620,2005-09,Inverclyde,Long-term sick,5400.0,52600.0,0.10266159695817491
621,2005-09,Inverclyde,Economically Discouraged,0.0,52600.0,0.0
622,2005-09,Inverclyde,Retired,2000.0,52600.0,0.03802281368821293
623,2005-09,Inverclyde,Other,1200.0,52600.0,0.022813688212927757
624,2005-12,Inverclyde,Total Economically Inactive,14000.0,52600.0,0.2661596958174905
625,2005-12,Inverclyde,Student,2600.0,52600.0,0.049429657794676805
626,2005-12,Inverclyde,Looking after family/home,2500.0,52600.0,0.04752851711026616
627,2005-12,Inverclyde,Temporary sick,0.0,52600.0,0.0
628,2005-12,Inverclyde,Long-term sick,5400.0,52600.0,0.10266159695817491
629,2005-12,Inverclyde,Economically Discouraged,0.0,52600.0,0.0
630,2005-12,Inverclyde,Retired,2300.0,52600.0,0.043726235741444866
631,2005-12,Inverclyde,Other,700.0,52600.0,0.013307984790874524
632,2006-03,Inverclyde,Total Economically Inactive,14100.0,52700.0,0.2675521821631879
633,2006-03,Inverclyde,Student,2600.0,52700.0,0.04933586337760911
634,2006-03,Inverclyde,Looking after family/home,2700.0,52700.0,0.051233396584440226
635,2006-03,Inverclyde,Temporary sick,0.0,52700.0,0.0
636,2006-03,Inverclyde,Long-term sick,5400.0,52700.0,0.10246679316888045
637,2006-03,Inverclyde,Economically Discouraged,0.0,52700.0,0.0
638,2006-03,Inverclyde,Retired,2200.0,52700.0,0.04174573055028463
639,2006-03,Inverclyde,Other,800.0,52700.0,0.015180265654648957
640,2006-06,Inverclyde,Total Economically Inactive,13800.0,52900.0,0.2608695652173913
641,2006-06,Inverclyde,Student,2300.0,52900.0,0.043478260869565216
642,2006-06,Inverclyde,Looking after family/home,2700.0,52900.0,0.05103969754253308
643,2006-06,Inverclyde,Temporary sick,0.0,52900.0,0.0
644,2006-06,Inverclyde,Long-term sick,5400.0,52900.0,0.10207939508506617
645,2006-06,Inverclyde,Economically Discouraged,0.0,52900.0,0.0
646,2006-06,Inverclyde,Retired,2300.0,52900.0,0.043478260869565216
647,2006-06,Inverclyde,Other,800.0,52900.0,0.015122873345935728
648,2006-09,Inverclyde,Total Economically Inactive,12900.0,52700.0,0.24478178368121442
649,2006-09,Inverclyde,Student,2000.0,52700.0,0.03795066413662239
650,2006-09,Inverclyde,Looking after family/home,2400.0,52700.0,0.04554079696394687
651,2006-09,Inverclyde,Temporary sick,0.0,52700.0,0.0
652,2006-09,Inverclyde,Long-term sick,5100.0,52700.0,0.0967741935483871
653,2006-09,Inverclyde,Economically Discouraged,0.0,52700.0,0.0
654,2006-09,Inverclyde,Retired,2100.0,52700.0,0.03984819734345351
655,2006-09,Inverclyde,Other,800.0,52700.0,0.015180265654648957
656,2006-12,Inverclyde,Total Economically Inactive,12800.0,52500.0,0.2438095238095238
657,2006-12,Inverclyde,Student,1600.0,52500.0,0.030476190476190476
658,2006-12,Inverclyde,Looking after family/home,2600.0,52500.0,0.049523809523809526
659,2006-12,Inverclyde,Temporary sick,0.0,52500.0,0.0
660,2006-12,Inverclyde,Long-term sick,5100.0,52500.0,0.09714285714285714
661,2006-12,Inverclyde,Economically Discouraged,0.0,52500.0,0.0
662,2006-12,Inverclyde,Retired,2000.0,52500.0,0.0380952380952381
663,2006-12,Inverclyde,Other,1000.0,52500.0,0.01904761904761905
664,2007-03,Inverclyde,Total Economically Inactive,12800.0,52400.0,0.24427480916030533
665,2007-03,Inverclyde,Student,1600.0,52400.0,0.030534351145038167
666,2007-03,Inverclyde,Looking after family/home,2500.0,52400.0,0.04770992366412214
667,2007-03,Inverclyde,Temporary sick,0.0,52400.0,0.0
668,2007-03,Inverclyde,Long-term sick,5300.0,52400.0,0.10114503816793893
669,2007-03,Inverclyde,Economically Discouraged,0.0,52400.0,0.0
670,2007-03,Inverclyde,Retired,2000.0,52400.0,0.03816793893129771
671,2007-03,Inverclyde,Other,1000.0,52400.0,0.019083969465648856
672,2007-06,Inverclyde,Total Economically Inactive,12600.0,52600.0,0.23954372623574144
673,2007-06,Inverclyde,Student,1800.0,52600.0,0.034220532319391636
674,2007-06,Inverclyde,Looking after family/home,2200.0,52600.0,0.04182509505703422
675,2007-06,Inverclyde,Temporary sick,0.0,52600.0,0.0
676,2007-06,Inverclyde,Long-term sick,5300.0,52600.0,0.10076045627376426
677,2007-06,Inverclyde,Economically Discouraged,0.0,52600.0,0.0
678,2007-06,Inverclyde,Retired,1800.0,52600.0,0.034220532319391636
679,2007-06,Inverclyde,Other,1000.0,52600.0,0.019011406844106463
680,2007-09,Inverclyde,Total Economically Inactive,13200.0,52600.0,0.2509505703422053
681,2007-09,Inverclyde,Student,2000.0,52600.0,0.03802281368821293
682,2007-09,Inverclyde,Looking after family/home,2200.0,52600.0,0.04182509505703422
683,2007-09,Inverclyde,Temporary sick,600.0,52600.0,0.011406844106463879
684,2007-09,Inverclyde,Long-term sick,5600.0,52600.0,0.10646387832699619
685,2007-09,Inverclyde,Economically Discouraged,0.0,52600.0,0.0
686,2007-09,Inverclyde,Retired,1700.0,52600.0,0.03231939163498099
687,2007-09,Inverclyde,Other,1000.0,52600.0,0.019011406844106463
688,2007-12,Inverclyde,Total Economically Inactive,14100.0,52800.0,0.26704545454545453
689,2007-12,Inverclyde,Student,2500.0,52800.0,0.04734848484848485
690,2007-12,Inverclyde,Looking after family/home,2000.0,52800.0,0.03787878787878788
691,2007-12,Inverclyde,Temporary sick,700.0,52800.0,0.013257575757575758
692,2007-12,Inverclyde,Long-term sick,6000.0,52800.0,0.11363636363636363
693,2007-12,Inverclyde,Economically Discouraged,0.0,52800.0,0.0
694,2007-12,Inverclyde,Retired,1700.0,52800.0,0.032196969696969696
695,2007-12,Inverclyde,Other,1000.0,52800.0,0.01893939393939394
696,2008-03,Inverclyde,Total Economically Inactive,13300.0,52900.0,0.2514177693761815
697,2008-03,Inverclyde,Student,2400.0,52900.0,0.045368620037807186
698,2008-03,Inverclyde,Looking after family/home,1900.0,52900.0,0.035916824196597356
699,2008-03,Inverclyde,Temporary sick,800.0,52900.0,0.015122873345935728
700,2008-03,Inverclyde,Long-term sick,5500.0,52900.0,0.10396975425330812
701,2008-03,Inverclyde,Economically Discouraged,0.0,52900.0,0.0
702,2008-03,Inverclyde,Retired,1800.0,52900.0,0.034026465028355386
703,2008-03,Inverclyde,Other,1000.0,52900.0,0.01890359168241966
704,2008-06,Inverclyde,Total Economically Inactive,13400.0,52900.0,0.2533081285444234
705,2008-06,Inverclyde,Student,2200.0,52900.0,0.04158790170132325
706,2008-06,Inverclyde,Looking after family/home,1900.0,52900.0,0.035916824196597356
707,2008-06,Inverclyde,Temporary sick,500.0,52900.0,0.00945179584120983
708,2008-06,Inverclyde,Long-term sick,5800.0,52900.0,0.10964083175803403
709,2008-06,Inverclyde,Economically Discouraged,0.0,52900.0,0.0
710,2008-06,Inverclyde,Retired,2000.0,52900.0,0.03780718336483932
711,2008-06,Inverclyde,Other,1000.0,52900.0,0.01890359168241966
712,2008-09,Inverclyde,Total Economically Inactive,13000.0,52900.0,0.24574669187145556
713,2008-09,Inverclyde,Student,2000.0,52900.0,0.03780718336483932
714,2008-09,Inverclyde,Looking after family/home,2100.0,52900.0,0.03969754253308128
715,2008-09,Inverclyde,Temporary sick,0.0,52900.0,0.0
716,2008-09,Inverclyde,Long-term sick,5900.0,52900.0,0.11153119092627599
717,2008-09,Inverclyde,Economically Discouraged,0.0,52900.0,0.0
718,2008-09,Inverclyde,Retired,1900.0,52900.0,0.035916824196597356
719,2008-09,Inverclyde,Other,800.0,52900.0,0.015122873345935728
720,2008-12,Inverclyde,Total Economically Inactive,13300.0,52800.0,0.2518939393939394
721,2008-12,Inverclyde,Student,2100.0,52800.0,0.03977272727272727
722,2008-12,Inverclyde,Looking after family/home,2500.0,52800.0,0.04734848484848485
723,2008-12,Inverclyde,Temporary sick,0.0,52800.0,0.0
724,2008-12,Inverclyde,Long-term sick,5500.0,52800.0,0.10416666666666667
725,2008-12,Inverclyde,Economically Discouraged,0.0,52800.0,0.0
726,2008-12,Inverclyde,Retired,2100.0,52800.0,0.03977272727272727
727,2008-12,Inverclyde,Other,600.0,52800.0,0.011363636363636364
728,2009-03,Inverclyde,Total Economically Inactive,13100.0,52600.0,0.24904942965779467
729,2009-03,Inverclyde,Student,2300.0,52600.0,0.043726235741444866
730,2009-03,Inverclyde,Looking after family/home,2400.0,52600.0,0.045627376425855515
731,2009-03,Inverclyde,Temporary sick,600.0,52600.0,0.011406844106463879
732,2009-03,Inverclyde,Long-term sick,5400.0,52600.0,0.10266159695817491
733,2009-03,Inverclyde,Economically Discouraged,0.0,52600.0,0.0
734,2009-03,Inverclyde,Retired,2000.0,52600.0,0.03802281368821293
735,2009-03,Inverclyde,Other,0.0,52600.0,0.0
736,2009-06,Inverclyde,Total Economically Inactive,13300.0,52300.0,0.25430210325047803
737,2009-06,Inverclyde,Student,2300.0,52300.0,0.04397705544933078
738,2009-06,Inverclyde,Looking after family/home,2800.0,52300.0,0.05353728489483748
739,2009-06,Inverclyde,Temporary sick,800.0,52300.0,0.015296367112810707
740,2009-06,Inverclyde,Long-term sick,5000.0,52300.0,0.09560229445506692
741,2009-06,Inverclyde,Economically Discouraged,0.0,52300.0,0.0
742,2009-06,Inverclyde,Retired,2000.0,52300.0,0.03824091778202677
743,2009-06,Inverclyde,Other,0.0,52300.0,0.0
744,2009-09,Inverclyde,Total Economically Inactive,14300.0,52200.0,0.2739463601532567
745,2009-09,Inverclyde,Student,2700.0,52200.0,0.05172413793103448
746,2009-09,Inverclyde,Looking after family/home,2800.0,52200.0,0.05363984674329502
747,2009-09,Inverclyde,Temporary sick,700.0,52200.0,0.013409961685823755
748,2009-09,Inverclyde,Long-term sick,5300.0,52200.0,0.10153256704980843
749,2009-09,Inverclyde,Economically Discouraged,0.0,52200.0,0.0
750,2009-09,Inverclyde,Retired,2200.0,52200.0,0.0421455938697318
751,2009-09,Inverclyde,Other,700.0,52200.0,0.013409961685823755
752,2009-12,Inverclyde,Total Economically Inactive,13500.0,51900.0,0.26011560693641617
753,2009-12,Inverclyde,Student,2700.0,51900.0,0.05202312138728324
754,2009-12,Inverclyde,Looking after family/home,2700.0,51900.0,0.05202312138728324
755,2009-12,Inverclyde,Temporary sick,0.0,51900.0,0.0
756,2009-12,Inverclyde,Long-term sick,5200.0,51900.0,0.1001926782273603
757,2009-12,Inverclyde,Economically Discouraged,0.0,51900.0,0.0
758,2009-12,Inverclyde,Retired,1800.0,51900.0,0.03468208092485549
759,2009-12,Inverclyde,Other,800.0,51900.0,0.015414258188824663
760,2010-03,Inverclyde,Total Economically Inactive,13200.0,52200.0,0.25287356321839083
761,2010-03,Inverclyde,Student,2300.0,52200.0,0.044061302681992334
762,2010-03,Inverclyde,Looking after family/home,2800.0,52200.0,0.05363984674329502
763,2010-03,Inverclyde,Temporary sick,0.0,52200.0,0.0
764,2010-03,Inverclyde,Long-term sick,5000.0,52200.0,0.09578544061302682
765,2010-03,Inverclyde,Economically Discouraged,0.0,52200.0,0.0
766,2010-03,Inverclyde,Retired,1800.0,52200.0,0.034482758620689655
767,2010-03,Inverclyde,Other,900.0,52200.0,0.017241379310344827
768,2010-06,Inverclyde,Total Economically Inactive,12800.0,52000.0,0.24615384615384617
769,2010-06,Inverclyde,Student,2200.0,52000.0,0.04230769230769231
770,2010-06,Inverclyde,Looking after family/home,2700.0,52000.0,0.051923076923076926
771,2010-06,Inverclyde,Temporary sick,0.0,52000.0,0.0
772,2010-06,Inverclyde,Long-term sick,5200.0,52000.0,0.1
773,2010-06,Inverclyde,Economically Discouraged,0.0,52000.0,0.0
774,2010-06,Inverclyde,Retired,1700.0,52000.0,0.032692307692307694
775,2010-06,Inverclyde,Other,700.0,52000.0,0.013461538461538462
776,2010-09,Inverclyde,Total Economically Inactive,11800.0,51900.0,0.22736030828516376
777,2010-09,Inverclyde,Student,2000.0,51900.0,0.038535645472061654
778,2010-09,Inverclyde,Looking after family/home,2500.0,51900.0,0.04816955684007707
779,2010-09,Inverclyde,Temporary sick,0.0,51900.0,0.0
780,2010-09,Inverclyde,Long-term sick,4900.0,51900.0,0.09441233140655106
781,2010-09,Inverclyde,Economically Discouraged,0.0,51900.0,0.0
782,2010-09,Inverclyde,Retired,1500.0,51900.0,0.028901734104046242
783,2010-09,Inverclyde,Other,600.0,51900.0,0.011560693641618497
784,2010-12,Inverclyde,Total Economically Inactive,12100.0,52000.0,0.2326923076923077
785,2010-12,Inverclyde,Student,2000.0,52000.0,0.038461538461538464
786,2010-12,Inverclyde,Looking after family/home,2300.0,52000.0,0.04423076923076923
787,2010-12,Inverclyde,Temporary sick,0.0,52000.0,0.0
788,2010-12,Inverclyde,Long-term sick,5100.0,52000.0,0.09807692307692308
789,2010-12,Inverclyde,Economically Discouraged,0.0,52000.0,0.0
790,2010-12,Inverclyde,Retired,1700.0,52000.0,0.032692307692307694
791,2010-12,Inverclyde,Other,600.0,52000.0,0.011538461538461539
792,2011-03,Inverclyde,Total Economically Inactive,12200.0,51900.0,0.2350674373795761
793,2011-03,Inverclyde,Student,1900.0,51900.0,0.036608863198458574
794,2011-03,Inverclyde,Looking after family/home,2300.0,51900.0,0.04431599229287091
795,2011-03,Inverclyde,Temporary sick,0.0,51900.0,0.0
796,2011-03,Inverclyde,Long-term sick,5300.0,51900.0,0.10211946050096339
797,2011-03,Inverclyde,Economically Discouraged,0.0,51900.0,0.0
798,2011-03,Inverclyde,Retired,1800.0,51900.0,0.03468208092485549
799,2011-03,Inverclyde,Other,600.0,51900.0,0.011560693641618497
800,2011-06,Inverclyde,Total Economically Inactive,11900.0,52000.0,0.22884615384615384
801,2011-06,Inverclyde,Student,2100.0,52000.0,0.04038461538461539
802,2011-06,Inverclyde,Looking after family/home,2200.0,52000.0,0.04230769230769231
803,2011-06,Inverclyde,Temporary sick,0.0,52000.0,0.0
804,2011-06,Inverclyde,Long-term sick,4900.0,52000.0,0.09423076923076923
805,2011-06,Inverclyde,Economically Discouraged,0.0,52000.0,0.0
806,2011-06,Inverclyde,Retired,2000.0,52000.0,0.038461538461538464
807,2011-06,Inverclyde,Other,500.0,52000.0,0.009615384615384616
808,2011-09,Inverclyde,Total Economically Inactive,12000.0,52000.0,0.23076923076923078
809,2011-09,Inverclyde,Student,2100.0,52000.0,0.04038461538461539
810,2011-09,Inverclyde,Looking after family/home,2100.0,52000.0,0.04038461538461539
811,2011-09,Inverclyde,Temporary sick,0.0,52000.0,0.0
812,2011-09,Inverclyde,Long-term sick,5100.0,52000.0,0.09807692307692308
813,2011-09,Inverclyde,Economically Discouraged,0.0,52000.0,0.0
814,2011-09,Inverclyde,Retired,2100.0,52000.0,0.04038461538461539
815,2011-09,Inverclyde,Other,0.0,52000.0,0.0
816,2011-12,Inverclyde,Total Economically Inactive,11800.0,51800.0,0.2277992277992278
817,2011-12,Inverclyde,Student,2300.0,51800.0,0.0444015444015444
818,2011-12,Inverclyde,Looking after family/home,2000.0,51800.0,0.03861003861003861
819,2011-12,Inverclyde,Temporary sick,0.0,51800.0,0.0
820,2011-12,Inverclyde,Long-term sick,5000.0,51800.0,0.09652509652509653
821,2011-12,Inverclyde,Economically Discouraged,0.0,51800.0,0.0
822,2011-12,Inverclyde,Retired,1900.0,51800.0,0.03667953667953668
823,2011-12,Inverclyde,Other,0.0,51800.0,0.0
824,2012-03,Inverclyde,Total Economically Inactive,11800.0,51700.0,0.22823984526112184
825,2012-03,Inverclyde,Student,2600.0,51700.0,0.05029013539651837
826,2012-03,Inverclyde,Looking after family/home,1800.0,51700.0,0.03481624758220503
827,2012-03,Inverclyde,Temporary sick,0.0,51700.0,0.0
828,2012-03,Inverclyde,Long-term sick,4900.0,51700.0,0.09477756286266925
829,2012-03,Inverclyde,Economically Discouraged,0.0,51700.0,0.0
830,2012-03,Inverclyde,Retired,2000.0,51700.0,0.03868471953578337
831,2012-03,Inverclyde,Other,0.0,51700.0,0.0
832,2012-06,Inverclyde,Total Economically Inactive,11600.0,51500.0,0.22524271844660193
833,2012-06,Inverclyde,Student,2500.0,51500.0,0.04854368932038835
834,2012-06,Inverclyde,Looking after family/home,1600.0,51500.0,0.031067961165048542
835,2012-06,Inverclyde,Temporary sick,0.0,51500.0,0.0
836,2012-06,Inverclyde,Long-term sick,5100.0,51500.0,0.09902912621359224
837,2012-06,Inverclyde,Economically Discouraged,0.0,51500.0,0.0
838,2012-06,Inverclyde,Retired,1700.0,51500.0,0.03300970873786408
839,2012-06,Inverclyde,Other,0.0,51500.0,0.0
840,2012-09,Inverclyde,Total Economically Inactive,11900.0,51300.0,0.23196881091617932
841,2012-09,Inverclyde,Student,2700.0,51300.0,0.05263157894736842
842,2012-09,Inverclyde,Looking after family/home,1800.0,51300.0,0.03508771929824561
843,2012-09,Inverclyde,Temporary sick,0.0,51300.0,0.0
844,2012-09,Inverclyde,Long-term sick,5000.0,51300.0,0.09746588693957114
845,2012-09,Inverclyde,Economically Discouraged,0.0,51300.0,0.0
846,2012-09,Inverclyde,Retired,1600.0,51300.0,0.031189083820662766
847,2012-09,Inverclyde,Other,0.0,51300.0,0.0
848,2012-12,Inverclyde,Total Economically Inactive,12100.0,51100.0,0.23679060665362034
849,2012-12,Inverclyde,Student,2800.0,51100.0,0.0547945205479452
850,2012-12,Inverclyde,Looking after family/home,1900.0,51100.0,0.03718199608610567
851,2012-12,Inverclyde,Temporary sick,600.0,51100.0,0.011741682974559686
852,2012-12,Inverclyde,Long-term sick,4800.0,51100.0,0.09393346379647749
853,2012-12,Inverclyde,Economically Discouraged,0.0,51100.0,0.0
854,2012-12,Inverclyde,Retired,1700.0,51100.0,0.033268101761252444
855,2012-12,Inverclyde,Other,0.0,51100.0,0.0
856,2013-03,Inverclyde,Total Economically Inactive,12400.0,51000.0,0.24313725490196078
857,2013-03,Inverclyde,Student,2600.0,51000.0,0.050980392156862744
858,2013-03,Inverclyde,Looking after family/home,2200.0,51000.0,0.043137254901960784
859,2013-03,Inverclyde,Temporary sick,600.0,51000.0,0.011764705882352941
860,2013-03,Inverclyde,Long-term sick,4800.0,51000.0,0.09411764705882353
861,2013-03,Inverclyde,Economically Discouraged,0.0,51000.0,0.0
862,2013-03,Inverclyde,Retired,1700.0,51000.0,0.03333333333333333
863,2013-03,Inverclyde,Other,0.0,51000.0,0.0
864,2013-06,Inverclyde,Total Economically Inactive,13000.0,51100.0,0.25440313111545987
865,2013-06,Inverclyde,Student,2600.0,51100.0,0.050880626223091974
866,2013-06,Inverclyde,Looking after family/home,2500.0,51100.0,0.04892367906066536
867,2013-06,Inverclyde,Temporary sick,600.0,51100.0,0.011741682974559686
868,2013-06,Inverclyde,Long-term sick,4700.0,51100.0,0.09197651663405088
869,2013-06,Inverclyde,Economically Discouraged,0.0,51100.0,0.0
870,2013-06,Inverclyde,Retired,2000.0,51100.0,0.03913894324853229
871,2013-06,Inverclyde,Other,0.0,51100.0,0.0
872,2013-09,Inverclyde,Total Economically Inactive,13300.0,50800.0,0.2618110236220472
873,2013-09,Inverclyde,Student,2100.0,50800.0,0.04133858267716536
874,2013-09,Inverclyde,Looking after family/home,2600.0,50800.0,0.051181102362204724
875,2013-09,Inverclyde,Temporary sick,500.0,50800.0,0.00984251968503937
876,2013-09,Inverclyde,Long-term sick,5100.0,50800.0,0.10039370078740158
877,2013-09,Inverclyde,Economically Discouraged,0.0,50800.0,0.0
878,2013-09,Inverclyde,Retired,2000.0,50800.0,0.03937007874015748
879,2013-09,Inverclyde,Other,700.0,50800.0,0.013779527559055118
880,2013-12,Inverclyde,Total Economically Inactive,13400.0,51100.0,0.2622309197651663
881,2013-12,Inverclyde,Student,2200.0,51100.0,0.043052837573385516
882,2013-12,Inverclyde,Looking after family/home,2900.0,51100.0,0.05675146771037182
883,2013-12,Inverclyde,Temporary sick,0.0,51100.0,0.0
884,2013-12,Inverclyde,Long-term sick,4800.0,51100.0,0.09393346379647749
885,2013-12,Inverclyde,Economically Discouraged,0.0,51100.0,0.0
886,2013-12,Inverclyde,Retired,2100.0,51100.0,0.0410958904109589
887,2013-12,Inverclyde,Other,900.0,51100.0,0.01761252446183953
888,2014-03,Inverclyde,Total Economically Inactive,13000.0,51000.0,0.2549019607843137
889,2014-03,Inverclyde,Student,2100.0,51000.0,0.041176470588235294
890,2014-03,Inverclyde,Looking after family/home,2800.0,51000.0,0.054901960784313725
891,2014-03,Inverclyde,Temporary sick,0.0,51000.0,0.0
892,2014-03,Inverclyde,Long-term sick,4900.0,51000.0,0.09607843137254903
893,2014-03,Inverclyde,Economically Discouraged,0.0,51000.0,0.0
894,2014-03,Inverclyde,Retired,2000.0,51000.0,0.0392156862745098
895,2014-03,Inverclyde,Other,800.0,51000.0,0.01568627450980392
896,2014-06,Inverclyde,Total Economically Inactive,13000.0,51300.0,0.253411306042885
897,2014-06,Inverclyde,Student,2200.0,51300.0,0.042884990253411304
898,2014-06,Inverclyde,Looking after family/home,2700.0,51300.0,0.05263157894736842
899,2014-06,Inverclyde,Temporary sick,0.0,51300.0,0.0
900,2014-06,Inverclyde,Long-term sick,4700.0,51300.0,0.09161793372319688
901,2014-06,Inverclyde,Economically Discouraged,0.0,51300.0,0.0
902,2014-06,Inverclyde,Retired,2100.0,51300.0,0.04093567251461988
903,2014-06,Inverclyde,Other,900.0,51300.0,0.017543859649122806
904,2014-09,Inverclyde,Total Economically Inactive,13000.0,51400.0,0.2529182879377432
905,2014-09,Inverclyde,Student,2500.0,51400.0,0.048638132295719845
906,2014-09,Inverclyde,Looking after family/home,2600.0,51400.0,0.05058365758754864
907,2014-09,Inverclyde,Temporary sick,0.0,51400.0,0.0
908,2014-09,Inverclyde,Long-term sick,4300.0,51400.0,0.08365758754863813
909,2014-09,Inverclyde,Economically Discouraged,0.0,51400.0,0.0
910,2014-09,Inverclyde,Retired,2300.0,51400.0,0.04474708171206226
911,2014-09,Inverclyde,Other,800.0,51400.0,0.01556420233463035
912,2014-12,Inverclyde,Total Economically Inactive,12800.0,51300.0,0.24951267056530213
913,2014-12,Inverclyde,Student,2500.0,51300.0,0.04873294346978557
914,2014-12,Inverclyde,Looking after family/home,2400.0,51300.0,0.04678362573099415
915,2014-12,Inverclyde,Temporary sick,0.0,51300.0,0.0
916,2014-12,Inverclyde,Long-term sick,4500.0,51300.0,0.08771929824561403
917,2014-12,Inverclyde,Economically Discouraged,0.0,51300.0,0.0
918,2014-12,Inverclyde,Retired,2200.0,51300.0,0.042884990253411304
919,2014-12,Inverclyde,Other,900.0,51300.0,0.017543859649122806
920,2015-03,Inverclyde,Total Economically Inactive,12700.0,50900.0,0.24950884086444008
921,2015-03,Inverclyde,Student,2600.0,50900.0,0.05108055009823183
922,2015-03,Inverclyde,Looking after family/home,2300.0,50900.0,0.04518664047151277
923,2015-03,Inverclyde,Temporary sick,0.0,50900.0,0.0
924,2015-03,Inverclyde,Long-term sick,4400.0,50900.0,0.08644400785854617
925,2015-03,Inverclyde,Economically Discouraged,0.0,50900.0,0.0
926,2015-03,Inverclyde,Retired,2100.0,50900.0,0.0412573673870334
927,2015-03,Inverclyde,Other,900.0,50900.0,0.01768172888015717
928,2015-06,Inverclyde,Total Economically Inactive,13300.0,50600.0,0.2628458498023715
929,2015-06,Inverclyde,Student,2800.0,50600.0,0.05533596837944664
930,2015-06,Inverclyde,Looking after family/home,2200.0,50600.0,0.043478260869565216
931,2015-06,Inverclyde,Temporary sick,0.0,50600.0,0.0
932,2015-06,Inverclyde,Long-term sick,4800.0,50600.0,0.09486166007905138
933,2015-06,Inverclyde,Economically Discouraged,0.0,50600.0,0.0
934,2015-06,Inverclyde,Retired,2300.0,50600.0,0.045454545454545456
935,2015-06,Inverclyde,Other,600.0,50600.0,0.011857707509881422
936,2015-09,Inverclyde,Total Economically Inactive,13200.0,50100.0,0.2634730538922156
937,2015-09,Inverclyde,Student,2700.0,50100.0,0.05389221556886228
938,2015-09,Inverclyde,Looking after family/home,2200.0,50100.0,0.043912175648702596
939,2015-09,Inverclyde,Temporary sick,0.0,50100.0,0.0
940,2015-09,Inverclyde,Long-term sick,4900.0,50100.0,0.09780439121756487
941,2015-09,Inverclyde,Economically Discouraged,0.0,50100.0,0.0
942,2015-09,Inverclyde,Retired,2300.0,50100.0,0.04590818363273453
943,2015-09,Inverclyde,Other,0.0,50100.0,0.0
944,2015-12,Inverclyde,Total Economically Inactive,13100.0,50000.0,0.262
945,2015-12,Inverclyde,Student,2500.0,50000.0,0.05
946,2015-12,Inverclyde,Looking after family/home,2200.0,50000.0,0.044
947,2015-12,Inverclyde,Temporary sick,0.0,50000.0,0.0
948,2015-12,Inverclyde,Long-term sick,5100.0,50000.0,0.102
949,2015-12,Inverclyde,Economically Discouraged,0.0,50000.0,0.0
950,2015-12,Inverclyde,Retired,2200.0,50000.0,0.044
951,2015-12,Inverclyde,Other,600.0,50000.0,0.012
952,2016-03,Inverclyde,Total Economically Inactive,13000.0,49900.0,0.2605210420841683
953,2016-03,Inverclyde,Student,2500.0,49900.0,0.050100200400801605
954,2016-03,Inverclyde,Looking after family/home,2000.0,49900.0,0.04008016032064128
955,2016-03,Inverclyde,Temporary sick,0.0,49900.0,0.0
956,2016-03,Inverclyde,Long-term sick,5300.0,49900.0,0.1062124248496994
957,2016-03,Inverclyde,Economically Discouraged,0.0,49900.0,0.0
958,2016-03,Inverclyde,Retired,2200.0,49900.0,0.04408817635270541
959,2016-03,Inverclyde,Other,700.0,49900.0,0.014028056112224449
960,2016-06,Inverclyde,Total Economically Inactive,12400.0,49300.0,0.2515212981744422
961,2016-06,Inverclyde,Student,2700.0,49300.0,0.05476673427991886
962,2016-06,Inverclyde,Looking after family/home,1900.0,49300.0,0.038539553752535496
963,2016-06,Inverclyde,Temporary sick,0.0,49300.0,0.0
964,2016-06,Inverclyde,Long-term sick,4900.0,49300.0,0.09939148073022312
965,2016-06,Inverclyde,Economically Discouraged,0.0,49300.0,0.0
966,2016-06,Inverclyde,Retired,1800.0,49300.0,0.036511156186612576
967,2016-06,Inverclyde,Other,600.0,49300.0,0.012170385395537525
968,2016-09,Inverclyde,Total Economically Inactive,12400.0,49300.0,0.2515212981744422
969,2016-09,Inverclyde,Student,2200.0,49300.0,0.04462474645030426
970,2016-09,Inverclyde,Looking after family/home,2100.0,49300.0,0.04259634888438134
971,2016-09,Inverclyde,Temporary sick,0.0,49300.0,0.0
972,2016-09,Inverclyde,Long-term sick,4900.0,49300.0,0.09939148073022312
973,2016-09,Inverclyde,Economically Discouraged,0.0,49300.0,0.0
974,2016-09,Inverclyde,Retired,1800.0,49300.0,0.036511156186612576
975,2016-09,Inverclyde,Other,1000.0,49300.0,0.02028397565922921
976,2016-12,Inverclyde,Total Economically Inactive,12500.0,49100.0,0.2545824847250509
977,2016-12,Inverclyde,Student,2400.0,49100.0,0.048879837067209775
978,2016-12,Inverclyde,Looking after family/home,2000.0,49100.0,0.04073319755600815
979,2016-12,Inverclyde,Temporary sick,0.0,49100.0,0.0
980,2016-12,Inverclyde,Long-term sick,5000.0,49100.0,0.10183299389002037
981,2016-12,Inverclyde,Economically Discouraged,0.0,49100.0,0.0
982,2016-12,Inverclyde,Retired,1800.0,49100.0,0.03665987780040733
983,2016-12,Inverclyde,Other,800.0,49100.0,0.016293279022403257
984,2017-03,Inverclyde,Total Economically Inactive,11900.0,49300.0,0.2413793103448276
985,2017-03,Inverclyde,Student,2400.0,49300.0,0.0486815415821501
986,2017-03,Inverclyde,Looking after family/home,1700.0,49300.0,0.034482758620689655
987,2017-03,Inverclyde,Temporary sick,0.0,49300.0,0.0
988,2017-03,Inverclyde,Long-term sick,4700.0,49300.0,0.09533468559837728
989,2017-03,Inverclyde,Economically Discouraged,0.0,49300.0,0.0
990,2017-03,Inverclyde,Retired,1800.0,49300.0,0.036511156186612576
991,2017-03,Inverclyde,Other,900.0,49300.0,0.018255578093306288
992,2017-06,Inverclyde,Total Economically Inactive,11500.0,49100.0,0.23421588594704684
993,2017-06,Inverclyde,Student,2100.0,49100.0,0.04276985743380855
994,2017-06,Inverclyde,Looking after family/home,1700.0,49100.0,0.034623217922606926
995,2017-06,Inverclyde,Temporary sick,0.0,49100.0,0.0
996,2017-06,Inverclyde,Long-term sick,4800.0,49100.0,0.09775967413441955
997,2017-06,Inverclyde,Economically Discouraged,0.0,49100.0,0.0
998,2017-06,Inverclyde,Retired,1600.0,49100.0,0.032586558044806514
999,2017-06,Inverclyde,Other,1000.0,49100.0,0.020366598778004074
1000,2017-09,Inverclyde,Total Economically Inactive,10900.0,49000.0,0.22244897959183674
1001,2017-09,Inverclyde,Student,2300.0,49000.0,0.04693877551020408
1002,2017-09,Inverclyde,Looking after family/home,1800.0,49000.0,0.036734693877551024
1003,2017-09,Inverclyde,Temporary sick,0.0,49000.0,0.0
1004,2017-09,Inverclyde,Long-term sick,4800.0,49000.0,0.09795918367346938
1005,2017-09,Inverclyde,Economically Discouraged,0.0,49000.0,0.0
1006,2017-09,Inverclyde,Retired,1000.0,49000.0,0.02040816326530612
1007,2017-09,Inverclyde,Other,700.0,49000.0,0.014285714285714285
1008,2017-12,Inverclyde,Total Economically Inactive,11100.0,48800.0,0.22745901639344263
1009,2017-12,Inverclyde,Student,2300.0,48800.0,0.0471311475409836
1010,2017-12,Inverclyde,Looking after family/home,2000.0,48800.0,0.040983606557377046
1011,2017-12,Inverclyde,Temporary sick,0.0,48800.0,0.0
1012,2017-12,Inverclyde,Long-term sick,4900.0,48800.0,0.10040983606557377
1013,2017-12,Inverclyde,Economically Discouraged,0.0,48800.0,0.0
1014,2017-12,Inverclyde,Retired,1100.0,48800.0,0.022540983606557378
1015,2017-12,Inverclyde,Other,700.0,48800.0,0.014344262295081968
1016,2018-03,Inverclyde,Total Economically Inactive,12300.0,48700.0,0.25256673511293637
1017,2018-03,Inverclyde,Student,2500.0,48700.0,0.0513347022587269
1018,2018-03,Inverclyde,Looking after family/home,2200.0,48700.0,0.045174537987679675
1019,2018-03,Inverclyde,Temporary sick,0.0,48700.0,0.0
1020,2018-03,Inverclyde,Long-term sick,5700.0,48700.0,0.11704312114989733
1021,2018-03,Inverclyde,Economically Discouraged,0.0,48700.0,0.0
1022,2018-03,Inverclyde,Retired,1100.0,48700.0,0.022587268993839837
1023,2018-03,Inverclyde,Other,700.0,48700.0,0.014373716632443531
1024,2018-06,Inverclyde,Total Economically Inactive,11700.0,48900.0,0.2392638036809816
1025,2018-06,Inverclyde,Student,2200.0,48900.0,0.044989775051124746
1026,2018-06,Inverclyde,Looking after family/home,2200.0,48900.0,0.044989775051124746
1027,2018-06,Inverclyde,Temporary sick,0.0,48900.0,0.0
1028,2018-06,Inverclyde,Long-term sick,5300.0,48900.0,0.1083844580777096
1029,2018-06,Inverclyde,Economically Discouraged,0.0,48900.0,0.0
1030,2018-06,Inverclyde,Retired,900.0,48900.0,0.018404907975460124
1031,2018-06,Inverclyde,Other,800.0,48900.0,0.016359918200409
1032,2018-09,Inverclyde,Total Economically Inactive,11800.0,48700.0,0.24229979466119098
1033,2018-09,Inverclyde,Student,2600.0,48700.0,0.053388090349075976
1034,2018-09,Inverclyde,Looking after family/home,1800.0,48700.0,0.03696098562628337
1035,2018-09,Inverclyde,Temporary sick,0.0,48700.0,0.0
1036,2018-09,Inverclyde,Long-term sick,5100.0,48700.0,0.10472279260780287
1037,2018-09,Inverclyde,Economically Discouraged,0.0,48700.0,0.0
1038,2018-09,Inverclyde,Retired,1400.0,48700.0,0.028747433264887063
1039,2018-09,Inverclyde,Other,800.0,48700.0,0.01642710472279261
1040,2018-12,Inverclyde,Total Economically Inactive,10900.0,48500.0,0.22474226804123712
1041,2018-12,Inverclyde,Student,2000.0,48500.0,0.041237113402061855
1042,2018-12,Inverclyde,Looking after family/home,1700.0,48500.0,0.03505154639175258
1043,2018-12,Inverclyde,Temporary sick,0.0,48500.0,0.0
1044,2018-12,Inverclyde,Long-term sick,4700.0,48500.0,0.09690721649484536
1045,2018-12,Inverclyde,Economically Discouraged,0.0,48500.0,0.0
1046,2018-12,Inverclyde,Retired,1400.0,48500.0,0.0288659793814433
1047,2018-12,Inverclyde,Other,1000.0,48500.0,0.020618556701030927
1048,2019-03,Inverclyde,Total Economically Inactive,10900.0,48400.0,0.22520661157024793
1049,2019-03,Inverclyde,Student,1900.0,48400.0,0.03925619834710744
1050,2019-03,Inverclyde,Looking after family/home,1700.0,48400.0,0.03512396694214876
1051,2019-03,Inverclyde,Temporary sick,0.0,48400.0,0.0
1052,2019-03,Inverclyde,Long-term sick,4400.0,48400.0,0.09090909090909091
1053,2019-03,Inverclyde,Economically Discouraged,0.0,48400.0,0.0
1054,2019-03,Inverclyde,Retired,1600.0,48400.0,0.03305785123966942
1055,2019-03,Inverclyde,Other,900.0,48400.0,0.01859504132231405
1056,2019-06,Inverclyde,Total Economically Inactive,11900.0,47900.0,0.24843423799582465
1057,2019-06,Inverclyde,Student,2500.0,47900.0,0.05219206680584551
1058,2019-06,Inverclyde,Looking after family/home,1900.0,47900.0,0.03966597077244259
1059,2019-06,Inverclyde,Temporary sick,0.0,47900.0,0.0
1060,2019-06,Inverclyde,Long-term sick,4800.0,47900.0,0.10020876826722339
1061,2019-06,Inverclyde,Economically Discouraged,0.0,47900.0,0.0
1062,2019-06,Inverclyde,Retired,1900.0,47900.0,0.03966597077244259
1063,2019-06,Inverclyde,Other,600.0,47900.0,0.012526096033402923
1064,2019-09,Inverclyde,Total Economically Inactive,11900.0,47700.0,0.24947589098532494
1065,2019-09,Inverclyde,Student,2300.0,47700.0,0.04821802935010482
1066,2019-09,Inverclyde,Looking after family/home,2000.0,47700.0,0.041928721174004195
1067,2019-09,Inverclyde,Temporary sick,0.0,47700.0,0.0
1068,2019-09,Inverclyde,Long-term sick,5200.0,47700.0,0.1090146750524109
1069,2019-09,Inverclyde,Economically Discouraged,0.0,47700.0,0.0
1070,2019-09,Inverclyde,Retired,1600.0,47700.0,0.033542976939203356
1071,2019-09,Inverclyde,Other,700.0,47700.0,0.014675052410901468
1072,2019-12,Inverclyde,Total Economically Inactive,13200.0,47700.0,0.27672955974842767
1073,2019-12,Inverclyde,Student,2500.0,47700.0,0.05241090146750524
1074,2019-12,Inverclyde,Looking after family/home,2300.0,47700.0,0.04821802935010482
1075,2019-12,Inverclyde,Temporary sick,0.0,47700.0,0.0
1076,2019-12,Inverclyde,Long-term sick,5500.0,47700.0,0.11530398322851153
1077,2019-12,Inverclyde,Economically Discouraged,0.0,47700.0,0.0
1078,2019-12,Inverclyde,Retired,2100.0,47700.0,0.0440251572327044
1079,2019-12,Inverclyde,Other,700.0,47700.0,0.014675052410901468
1080,2020-03,Inverclyde,Total Economically Inactive,12900.0,47300.0,0.2727272727272727
1081,2020-03,Inverclyde,Student,2100.0,47300.0,0.04439746300211417
1082,2020-03,Inverclyde,Looking after family/home,2600.0,47300.0,0.05496828752642706
1083,2020-03,Inverclyde,Temporary sick,0.0,47300.0,0.0
1084,2020-03,Inverclyde,Long-term sick,5400.0,47300.0,0.11416490486257928
1085,2020-03,Inverclyde,Economically Discouraged,0.0,47300.0,0.0
1086,2020-03,Inverclyde,Retired,1800.0,47300.0,0.03805496828752643
1087,2020-03,Inverclyde,Other,600.0,47300.0,0.012684989429175475
1088,2020-06,Inverclyde,Total Economically Inactive,13500.0,47700.0,0.2830188679245283
1089,2020-06,Inverclyde,Student,1800.0,47700.0,0.03773584905660377
1090,2020-06,Inverclyde,Looking after family/home,2300.0,47700.0,0.04821802935010482
1091,2020-06,Inverclyde,Temporary sick,0.0,47700.0,0.0
1092,2020-06,Inverclyde,Long-term sick,5700.0,47700.0,0.11949685534591195
1093,2020-06,Inverclyde,Economically Discouraged,0.0,47700.0,0.0
1094,2020-06,Inverclyde,Retired,2300.0,47700.0,0.04821802935010482
1095,2020-06,Inverclyde,Other,900.0,47700.0,0.018867924528301886
1096,2020-09,Inverclyde,Total Economically Inactive,14000.0,47800.0,0.2928870292887029
1097,2020-09,Inverclyde,Student,2300.0,47800.0,0.04811715481171548
1098,2020-09,Inverclyde,Looking after family/home,2000.0,47800.0,0.04184100418410042
1099,2020-09,Inverclyde,Temporary sick,0.0,47800.0,0.0
1100,2020-09,Inverclyde,Long-term sick,5400.0,47800.0,0.11297071129707113
1101,2020-09,Inverclyde,Economically Discouraged,500.0,47800.0,0.010460251046025104
1102,2020-09,Inverclyde,Retired,2300.0,47800.0,0.04811715481171548
1103,2020-09,Inverclyde,Other,1100.0,47800.0,0.02301255230125523
1104,2020-12,Inverclyde,Total Economically Inactive,13500.0,47400.0,0.2848101265822785
1105,2020-12,Inverclyde,Student,2700.0,47400.0,0.056962025316455694
1106,2020-12,Inverclyde,Looking after family/home,1500.0,47400.0,0.03164556962025317
1107,2020-12,Inverclyde,Temporary sick,0.0,47400.0,0.0
1108,2020-12,Inverclyde,Long-term sick,5200.0,47400.0,0.10970464135021098
1109,2020-12,Inverclyde,Economically Discouraged,700.0,47400.0,0.014767932489451477
1110,2020-12,Inverclyde,Retired,1900.0,47400.0,0.04008438818565401
1111,2020-12,Inverclyde,Other,1100.0,47400.0,0.023206751054852322
1112,2021-03,Inverclyde,Total Economically Inactive,12600.0,47700.0,0.2641509433962264
1113,2021-03,Inverclyde,Student,2500.0,47700.0,0.05241090146750524
1114,2021-03,Inverclyde,Looking after family/home,1100.0,47700.0,0.023060796645702306
1115,2021-03,Inverclyde,Temporary sick,0.0,47700.0,0.0
1116,2021-03,Inverclyde,Long-term sick,4900.0,47700.0,0.10272536687631027
1117,2021-03,Inverclyde,Economically Discouraged,800.0,47700.0,0.016771488469601678
1118,2021-03,Inverclyde,Retired,1900.0,47700.0,0.039832285115303984
1119,2021-03,Inverclyde,Other,1100.0,47700.0,0.023060796645702306
1120,2021-06,Inverclyde,Total Economically Inactive,11800.0,47000.0,0.251063829787234
1121,2021-06,Inverclyde,Student,2700.0,47000.0,0.0574468085106383
1122,2021-06,Inverclyde,Looking after family/home,1000.0,47000.0,0.02127659574468085
1123,2021-06,Inverclyde,Temporary sick,0.0,47000.0,0.0
1124,2021-06,Inverclyde,Long-term sick,4500.0,47000.0,0.09574468085106383
1125,2021-06,Inverclyde,Economically Discouraged,600.0,47000.0,0.01276595744680851
1126,2021-06,Inverclyde,Retired,1600.0,47000.0,0.03404255319148936
1127,2021-06,Inverclyde,Other,1100.0,47000.0,0.023404255319148935
1128,2021-09,Inverclyde,Total Economically Inactive,10900.0,47300.0,0.23044397463002114
1129,2021-09,Inverclyde,Student,2100.0,47300.0,0.04439746300211417
1130,2021-09,Inverclyde,Looking after family/home,800.0,47300.0,0.016913319238900635
1131,2021-09,Inverclyde,Temporary sick,0.0,47300.0,0.0
1132,2021-09,Inverclyde,Long-term sick,4700.0,47300.0,0.09936575052854123
1133,2021-09,Inverclyde,Economically Discouraged,0.0,47300.0,0.0
1134,2021-09,Inverclyde,Retired,1800.0,47300.0,0.03805496828752643
1135,2021-09,Inverclyde,Other,1000.0,47300.0,0.021141649048625793
1136,2021-12,Inverclyde,Total Economically Inactive,10100.0,46900.0,0.21535181236673773
1137,2021-12,Inverclyde,Student,2500.0,46900.0,0.053304904051172705
1138,2021-12,Inverclyde,Looking after family/home,600.0,46900.0,0.01279317697228145
1139,2021-12,Inverclyde,Temporary sick,0.0,46900.0,0.0
1140,2021-12,Inverclyde,Long-term sick,3800.0,46900.0,0.08102345415778252
1141,2021-12,Inverclyde,Economically Discouraged,0.0,46900.0,0.0
1142,2021-12,Inverclyde,Retired,1800.0,46900.0,0.03837953091684435
1143,2021-12,Inverclyde,Other,1200.0,46900.0,0.0255863539445629
1144,2022-03,Inverclyde,Total Economically Inactive,10500.0,46800.0,0.22435897435897437
1145,2022-03,Inverclyde,Student,2600.0,46800.0,0.05555555555555555
1146,2022-03,Inverclyde,Looking after family/home,600.0,46800.0,0.01282051282051282
1147,2022-03,Inverclyde,Temporary sick,0.0,46800.0,0.0
1148,2022-03,Inverclyde,Long-term sick,4400.0,46800.0,0.09401709401709402
1149,2022-03,Inverclyde,Economically Discouraged,0.0,46800.0,0.0
1150,2022-03,Inverclyde,Retired,1700.0,46800.0,0.03632478632478633
1151,2022-03,Inverclyde,Other,1200.0,46800.0,0.02564102564102564
1152,2022-06,Inverclyde,Total Economically Inactive,10500.0,46900.0,0.22388059701492538
1153,2022-06,Inverclyde,Student,2600.0,46900.0,0.05543710021321962
1154,2022-06,Inverclyde,Looking after family/home,800.0,46900.0,0.017057569296375266
1155,2022-06,Inverclyde,Temporary sick,0.0,46900.0,0.0
1156,2022-06,Inverclyde,Long-term sick,4700.0,46900.0,0.10021321961620469
1157,2022-06,Inverclyde,Economically Discouraged,0.0,46900.0,0.0
1158,2022-06,Inverclyde,Retired,1500.0,46900.0,0.031982942430703626
1159,2022-06,Inverclyde,Other,900.0,46900.0,0.019189765458422176
1160,2022-09,Inverclyde,Total Economically Inactive,10000.0,46200.0,0.21645021645021645
1161,2022-09,Inverclyde,Student,2800.0,46200.0,0.06060606060606061
1162,2022-09,Inverclyde,Looking after family/home,600.0,46200.0,0.012987012987012988
1163,2022-09,Inverclyde,Temporary sick,0.0,46200.0,0.0
1164,2022-09,Inverclyde,Long-term sick,4300.0,46200.0,0.09307359307359307
1165,2022-09,Inverclyde,Economically Discouraged,0.0,46200.0,0.0
1166,2022-09,Inverclyde,Retired,1300.0,46200.0,0.02813852813852814
1167,2022-09,Inverclyde,Other,1000.0,46200.0,0.021645021645021644
1168,2022-12,Inverclyde,Total Economically Inactive,10100.0,46600.0,0.2167381974248927
1169,2022-12,Inverclyde,Student,2100.0,46600.0,0.045064377682403435
1170,2022-12,Inverclyde,Looking after family/home,700.0,46600.0,0.015021459227467811
1171,2022-12,Inverclyde,Temporary sick,0.0,46600.0,0.0
1172,2022-12,Inverclyde,Long-term sick,5100.0,46600.0,0.10944206008583691
1173,2022-12,Inverclyde,Economically Discouraged,0.0,46600.0,0.0
1174,2022-12,Inverclyde,Retired,1300.0,46600.0,0.027896995708154508
1175,2022-12,Inverclyde,Other,900.0,46600.0,0.019313304721030045
1176,2023-03,Inverclyde,Total Economically Inactive,10400.0,46500.0,0.22365591397849463
1177,2023-03,Inverclyde,Student,2500.0,46500.0,0.053763440860215055
1178,2023-03,Inverclyde,Looking after family/home,800.0,46500.0,0.017204301075268817
1179,2023-03,Inverclyde,Temporary sick,0.0,46500.0,0.0
1180,2023-03,Inverclyde,Long-term sick,4900.0,46500.0,0.1053763440860215
1181,2023-03,Inverclyde,Economically Discouraged,0.0,46500.0,0.0
1182,2023-03,Inverclyde,Retired,1100.0,46500.0,0.023655913978494623
1183,2023-03,Inverclyde,Other,1000.0,46500.0,0.021505376344086023
